{"initial_reset_timestamp": 1587618969.9838507, "timestamps": [1587618976.5497973, 1587618982.177271, 1587618982.4878654, 1587618982.5760646, 1587618982.823069, 1587618983.0656416, 1587618983.3114421, 1587618983.5584843, 1587618984.9418676, 1587618985.2185748, 1587618985.4620972, 1587618985.714873, 1587618985.8101115, 1587618985.843606], "episode_lengths": [1000, 831, 371, 351, 1000, 1000, 1000, 1000, 206, 263, 1000, 1000, 381, 133], "episode_rewards": [0.0, 10.0, 0.0, 0.0, 0.0, 0.0, 0.0, 0.0, 10.0, 0.0, 0.0, 0.0, 0.0, 0.0], "episode_types": ["t", "t", "t", "t", "t", "t", "t", "t", "t", "t", "t", "t", "t", "t", "t"]}