{"initial_reset_timestamp": 1587883249.703316, "timestamps": [1587883250.1635153, 1587883250.9044695, 1587883251.42362, 1587883251.4420218, 1587883251.6233044, 1587883251.9660695, 1587883252.3003411, 1587883252.3075423, 1587883262.8815315, 1587883263.7396798, 1587883263.9571157, 1587883264.1311662, 1587883264.1702278, 1587883264.1844754, 1587883264.369268, 1587883264.4958117, 1587883264.6719315, 1587883265.0161712, 1587883265.3606749, 1587883265.7066038, 1587883266.0943234, 1587883266.4607465, 1587883266.8180294, 1587883266.9153166, 1587883266.9747384, 1587883267.1868055, 1587883267.3946497, 1587883282.8762302, 1587883283.4833832, 1587883283.8323257, 1587883284.193559, 1587883284.5782776, 1587883284.9261904, 1587883284.9473472, 1587883285.296595, 1587883285.306278, 1587883285.4968443, 1587883285.6034484, 1587883285.7627852, 1587883285.7774374, 1587883286.1287518, 1587883286.4676442, 1587883286.668229, 1587883286.7038424, 1587883287.0464952, 1587883287.3909929, 1587883287.3968668, 1587883287.7400556, 1587883288.0868146, 1587883288.0879211, 1587883288.4372375, 1587883288.6251733, 1587883288.683583, 1587883288.8673143, 1587883288.8792691, 1587883288.917894, 1587883289.0353973, 1587883289.246821, 1587883289.4327672, 1587883289.7838318, 1587883290.1297884, 1587883290.4183722, 1587883290.515462, 1587883290.7452102, 1587883298.7422366, 1587883299.3448343, 1587883299.6810577, 1587883300.0344236, 1587883300.3834465, 1587883300.388075, 1587883300.6314707, 1587883301.023134, 1587883301.0259972, 1587883301.0361733, 1587883301.3882086, 1587883301.7419243, 1587883302.0950766, 1587883302.1003282, 1587883302.308126, 1587883302.3764498, 1587883302.4415088, 1587883302.6515014, 1587883303.0094435, 1587883303.3752246, 1587883303.4710565, 1587883303.8264103, 1587883303.9506931, 1587883307.2189302, 1587883315.2949622, 1587883321.9014513, 1587883329.9926722, 1587883330.0562541, 1587883336.765305, 1587883342.0675766, 1587883350.1651263, 1587883350.197788, 1587883358.2835212, 1587883365.0731587, 1587883373.1642082, 1587883381.2402284, 1587883381.362969, 1587883389.4343472, 1587883391.8190458, 1587883399.6077712, 1587883402.3587205, 1587883403.1308112, 1587883409.3067732, 1587883409.4389758, 1587883414.706167, 1587883422.7915673, 1587883423.2754698, 1587883431.369815, 1587883439.4705238, 1587883439.8517075, 1587883442.534119, 1587883450.6423454, 1587883458.7443154, 1587883466.8727932, 1587883467.5735009, 1587883475.6934805, 1587883483.8078668, 1587883485.945729, 1587883494.0604634, 1587883499.2669556, 1587883507.1593964, 1587883533.1225948, 1587883534.4407368, 1587883536.7184439, 1587883538.2684393, 1587883541.2978852, 1587883548.677861, 1587883550.6548424, 1587883558.7786593, 1587883560.130136, 1587883565.4186468, 1587883573.5579095, 1587883581.6984026, 1587883584.014549, 1587883584.9436362, 1587883593.0089715, 1587883593.203265, 1587883601.3709369, 1587883603.9216983, 1587883605.0115337, 1587883606.038598, 1587883614.2156026, 1587883614.2798054, 1587883617.035703, 1587883618.8189416, 1587883627.393649, 1587883635.5410876, 1587883643.6665552, 1587883644.4162123, 1587883646.6484492, 1587883646.6504009, 1587883654.7924283, 1587883655.6854692, 1587883656.586072, 1587883656.7483041, 1587883658.0079212, 1587883666.1591709, 1587883674.2763524, 1587883678.2575934, 1587883686.4035306, 1587883691.2900558, 1587883691.4840343, 1587883691.6726446, 1587883694.590199, 1587883698.3414357, 1587883698.7960234, 1587883701.3819716, 1587883701.8020306, 1587883707.467203, 1587883711.8349774, 1587883716.70583, 1587883717.0640817, 1587883725.2080302], "episode_lengths": [25, 34, 100, 17, 485, 1000, 1000, 17, 584, 1000, 534, 466, 106, 38, 531, 361, 496, 1000, 1000, 1000, 1000, 1000, 1000, 272, 169, 608, 598, 878, 215, 1000, 1000, 1000, 1000, 60, 1000, 27, 552, 323, 479, 42, 1000, 1000, 516, 103, 1000, 1000, 14, 1000, 1000, 1, 1000, 469, 163, 513, 31, 108, 333, 603, 537, 1000, 1000, 801, 270, 579, 448, 63, 963, 1000, 1000, 10, 650, 1000, 5, 27, 1000, 1000, 1000, 12, 575, 190, 180, 588, 1000, 1000, 265, 1000, 341, 1000, 1000, 818, 1000, 6, 833, 657, 1000, 1, 1000, 840, 1000, 1000, 13, 1000, 292, 964, 337, 94, 767, 16, 647, 1000, 58, 1000, 997, 49, 331, 1000, 1000, 1000, 87, 1000, 1000, 265, 1000, 645, 967, 1000, 106, 279, 192, 372, 904, 243, 1000, 169, 647, 1000, 1000, 284, 118, 1000, 22, 1000, 313, 130, 128, 1000, 9, 338, 217, 1000, 1000, 1000, 93, 275, 2, 1000, 109, 110, 22, 150, 1000, 1000, 493, 1000, 597, 24, 21, 361, 462, 56, 312, 51, 696, 537, 598, 43, 1000], "episode_rewards": [0.0, 0.0, 0.0, 0.0, 0.0, 0.0, 0.0, 10.0, 0.0, 0.0, 10.0, 0.0, 10.0, 0.0, 0.0, 0.0, 10.0, 0.0, 0.0, 0.0, 0.0, 0.0, 0.0, 10.0, 10.0, 10.0, 0.0, 0.0, 0.0, 0.0, 0.0, 0.0, 0.0, 0.0, 0.0, 0.0, 10.0, 10.0, 10.0, 0.0, 0.0, 0.0, 0.0, 0.0, 0.0, 0.0, 0.0, 0.0, 0.0, 0.0, 0.0, 10.0, 0.0, 10.0, 0.0, 0.0, 0.0, 0.0, 10.0, 0.0, 0.0, 10.0, 0.0, 10.0, 0.0, 10.0, 10.0, 0.0, 0.0, 10.0, 0.0, 0.0, 0.0, 0.0, 0.0, 0.0, 0.0, 10.0, 0.0, 10.0, 0.0, 10.0, 0.0, 0.0, 10.0, 0.0, 0.0, 0.0, 0.0, 0.0, 0.0, 0.0, 0.0, 10.0, 0.0, 0.0, 0.0, 10.0, 0.0, 0.0, 10.0, 0.0, 10.0, 0.0, 0.0, 0.0, 10.0, 10.0, 10.0, 0.0, 0.0, 0.0, 10.0, 0.0, 0.0, 0.0, 0.0, 0.0, 0.0, 0.0, 0.0, 10.0, 0.0, 10.0, 0.0, 0.0, 0.0, 0.0, 10.0, 10.0, 10.0, 10.0, 0.0, 10.0, 10.0, 0.0, 0.0, 0.0, 0.0, 0.0, 0.0, 0.0, 10.0, 0.0, 0.0, 0.0, 0.0, 0.0, 0.0, 0.0, 0.0, 0.0, 0.0, 0.0, 0.0, 0.0, 10.0, 0.0, 0.0, 0.0, 0.0, 0.0, 10.0, 0.0, 0.0, 0.0, 10.0, 0.0, 0.0, 0.0, 0.0, 10.0, 10.0, 0.0, 0.0, 10.0, 0.0], "episode_types": ["t", "t", "t", "t", "t", "t", "t", "t", "t", "t", "t", "t", "t", "t", "t", "t", "t", "t", "t", "t", "t", "t", "t", "t", "t", "t", "t", "t", "t", "t", "t", "t", "t", "t", "t", "t", "t", "t", "t", "t", "t", "t", "t", "t", "t", "t", "t", "t", "t", "t", "t", "t", "t", "t", "t", "t", "t", "t", "t", "t", "t", "t", "t", "t", "t", "t", "t", "t", "t", "t", "t", "t", "t", "t", "t", "t", "t", "t", "t", "t", "t", "t", "t", "t", "t", "t", "t", "t", "t", "t", "t", "t", "t", "t", "t", "t", "t", "t", "t", "t", "t", "t", "t", "t", "t", "t", "t", "t", "t", "t", "t", "t", "t", "t", "t", "t", "t", "t", "t", "t", "t", "t", "t", "t", "t", "t", "t", "t", "t", "t", "t", "t", "t", "t", "t", "t", "t", "t", "t", "t", "t", "t", "t", "t", "t", "t", "t", "t", "t", "t", "t", "t", "t", "t", "t", "t", "t", "t", "t", "t", "t", "t", "t", "t", "t", "t", "t", "t", "t", "t", "t", "t", "t", "t", "t", "t", "t", "t"]}