{"initial_reset_timestamp": 1587618570.252359, "timestamps": [1587618571.5778594, 1587618573.2444086, 1587618573.5216582, 1587618573.8298118, 1587618574.137334, 1587618574.4432719, 1587618574.714374, 1587618575.0273082], "episode_lengths": [192, 218, 213, 1000, 1000, 1000, 869, 1000], "episode_rewards": [10.0, 0.0, 0.0, 0.0, 0.0, 0.0, 10.0, 0.0], "episode_types": ["t", "t", "t", "t", "t", "t", "t", "t", "t"]}