{"initial_reset_timestamp": 1587617935.3603477, "timestamps": [1587617942.646225, 1587617950.0363076, 1587617950.5249517, 1587617950.7702124, 1587617950.8763983, 1587617950.9769728, 1587617951.2247822, 1587617951.4713895, 1587617958.5697162, 1587617959.0413303, 1587617959.2533767, 1587617959.2830937], "episode_lengths": [1000, 1000, 1000, 1000, 432, 401, 1000, 1000, 1000, 1000, 860, 121], "episode_rewards": [0.0, 0.0, 0.0, 0.0, 10.0, 0.0, 0.0, 0.0, 0.0, 0.0, 10.0, 0.0], "episode_types": ["t", "t", "t", "t", "t", "t", "t", "t", "t", "t", "t", "t", "t"]}