{"initial_reset_timestamp": 1587887843.716831, "timestamps": [1587887843.9026952, 1587887844.1941438, 1587887844.5659237, 1587887844.6358159, 1587887844.6509428, 1587887844.7494729, 1587887844.7547626, 1587887844.7934601, 1587887867.3205855, 1587887868.0902843, 1587887868.115988, 1587887868.5260863, 1587887868.5835629, 1587887868.5884821, 1587887868.691561, 1587887868.6924474, 1587887868.6933002, 1587887868.7035043, 1587887868.757558, 1587887868.7709284, 1587887868.8979254, 1587887869.2966847, 1587887869.3285885, 1587887869.3686047, 1587887869.3834496, 1587887869.5598757, 1587887869.9590297, 1587887873.6470258, 1587887874.7759085, 1587887875.1761098, 1587887875.326985, 1587887875.5434282, 1587887875.9421391, 1587887875.967544, 1587887876.0431736, 1587887876.0690353, 1587887876.0794752, 1587887876.120691, 1587887876.5000336, 1587887876.7518187, 1587887876.7526758, 1587887876.753533, 1587887877.151587, 1587887877.4080982, 1587887877.7878861, 1587887877.8397682, 1587887877.8592765, 1587887878.091008, 1587887878.0920005, 1587887878.2260394, 1587887878.2268035, 1587887878.3667343, 1587887878.526787, 1587887878.5297873, 1587887878.9232304, 1587887878.9240017, 1587887878.92505, 1587887879.0356476, 1587887879.0465975, 1587887879.0507565, 1587887879.3012812, 1587887879.3167715, 1587887879.7082288, 1587887879.8680086, 1587887880.1794658, 1587887880.4624887, 1587887880.4841433, 1587887880.5738738, 1587887880.625794, 1587887881.01168, 1587887881.0236661, 1587887881.0984755, 1587887881.1224716, 1587887881.194508, 1587887881.2528324, 1587887881.5107005, 1587887881.6336594, 1587887881.6525173, 1587887881.7195053, 1587887881.7278988, 1587887881.784821, 1587887881.8110118, 1587887881.8262906, 1587887882.014095, 1587887882.0800443, 1587887882.1102002, 1587887882.1592007, 1587887882.1838706, 1587887882.195535, 1587887882.2032738, 1587887882.484393, 1587887882.5670488, 1587887882.974167, 1587887882.98914, 1587887883.3925354, 1587887883.4003463, 1587887883.5785325, 1587887883.5810974, 1587887883.6175966, 1587887883.6325855, 1587887884.034716, 1587887884.4170136, 1587887884.4239757, 1587887884.4457839, 1587887884.728989, 1587887884.871256, 1587887885.0202754, 1587887885.242312, 1587887885.2431583, 1587887885.6415236, 1587887885.657616, 1587887885.683572, 1587887885.6919312, 1587887885.8892286, 1587887885.9826205, 1587887886.0002267, 1587887886.0922775, 1587887886.1241775, 1587887886.1251373, 1587887886.139625, 1587887886.1463137, 1587887886.169544, 1587887886.483457, 1587887886.5583289, 1587887886.769487, 1587887887.1346135, 1587887888.0141318, 1587887888.0624247, 1587887888.0788715, 1587887888.0796099, 1587887888.0866673, 1587887888.0875754, 1587887888.092296, 1587887888.093082, 1587887888.1207278, 1587887888.1839123, 1587887888.5716496, 1587887889.00283, 1587887889.1351345, 1587887889.1368873, 1587887889.1395457, 1587887889.1405509, 1587887889.5413485, 1587887889.6085887, 1587887889.609407, 1587887889.633677, 1587887889.634577, 1587887889.6592016, 1587887889.8326416, 1587887889.8673892, 1587887889.8682005, 1587887890.2615805, 1587887890.6580307, 1587887890.658932, 1587887890.6654155, 1587887891.0873861, 1587887891.093792, 1587887891.1097262, 1587887891.1493056, 1587887891.379154, 1587887891.3845925, 1587887891.7642527, 1587887892.1654246, 1587887892.5732315, 1587887892.7701502, 1587887893.0065062, 1587887893.0609326, 1587887895.7650175, 1587887895.7978468, 1587887896.5523856, 1587887898.6228068, 1587887902.2435288, 1587887902.244326, 1587887902.5134935, 1587887902.778172, 1587887904.0948234, 1587887905.5993695, 1587887906.0936146, 1587887906.48999, 1587887907.8302016, 1587887913.5819013, 1587887917.056229, 1587887918.1037989, 1587887921.134875, 1587887923.9117522, 1587887924.8441918, 1587887926.7702522, 1587887927.9924555, 1587887928.12671, 1587887936.5090718, 1587887936.5100195, 1587887936.542648, 1587887937.377974, 1587887945.7859824, 1587887945.8215938, 1587887954.2331245, 1587887961.022888, 1587887961.253509, 1587887969.578301, 1587887977.9067469, 1587887985.2539642, 1587887986.523182, 1587887986.9923334, 1587887991.5989463, 1587887993.0424647, 1587887993.3401337, 1587887994.1387224, 1587887994.172531, 1587888000.3400047, 1587888001.85887, 1587888003.9793715, 1587888012.3374937, 1587888013.091279, 1587888015.6983786, 1587888015.8961794, 1587888023.9783254, 1587888025.0491433, 1587888025.7260609, 1587888025.8937943, 1587888027.3977566, 1587888029.8620424, 1587888031.1034496, 1587888031.7342544, 1587888040.1152685, 1587888041.72434, 1587888041.7592893, 1587888043.085855, 1587888051.317084, 1587888053.471588, 1587888054.8325832, 1587888057.4947822, 1587888058.270993, 1587888058.6355846, 1587888058.8978179, 1587888067.2317107, 1587888067.636881, 1587888067.6715524, 1587888068.3558269, 1587888068.5908892, 1587888071.5395412, 1587888071.5738826, 1587888075.9288056, 1587888083.4134035, 1587888090.3808374, 1587888090.446311, 1587888091.3609648, 1587888092.162909, 1587888094.9992259, 1587888097.5468614, 1587888097.5814178, 1587888098.28261, 1587888102.613609, 1587888110.9832284, 1587888110.9840631, 1587888111.081149, 1587888114.79861, 1587888115.9804106, 1587888115.981217, 1587888119.3129008, 1587888119.3454187, 1587888120.2312846, 1587888120.8975005, 1587888121.3271759, 1587888121.393599, 1587888125.1043446, 1587888126.3106923, 1587888126.9467363, 1587888128.100565, 1587888129.1567996, 1587888137.5282822, 1587888137.5292757, 1587888145.9203956, 1587888145.9217765, 1587888154.2821712, 1587888154.448851, 1587888162.8403568, 1587888170.4287598, 1587888172.6416826, 1587888180.9947374, 1587888181.8984745, 1587888184.1296127, 1587888184.3239276, 1587888185.1679566, 1587888185.4322343, 1587888185.7235124, 1587888194.0962448, 1587888196.555119, 1587888196.5559778, 1587888197.648962, 1587888199.5571427, 1587888201.3460147, 1587888205.9467256, 1587888214.4128222, 1587888214.4476855, 1587888216.2139146, 1587888216.595196, 1587888224.9206865, 1587888225.2522779, 1587888225.8887017, 1587888225.9208772, 1587888225.9227536, 1587888226.981614, 1587888235.351121, 1587888235.749718, 1587888235.7505748, 1587888240.940729, 1587888244.3660376, 1587888252.7380116, 1587888252.7687142, 1587888253.0292873, 1587888253.1899512, 1587888261.5677218, 1587888268.6167164, 1587888269.253382, 1587888269.286899, 1587888270.8956118, 1587888272.6757817, 1587888272.677755, 1587888272.781834, 1587888277.8924882, 1587888278.5171545, 1587888278.5500362, 1587888280.7821763, 1587888281.1201384, 1587888281.3175128, 1587888289.7452106, 1587888298.1368656, 1587888299.7460938, 1587888303.8455348, 1587888311.3652627, 1587888312.678518],