{"initial_reset_timestamp": 1587887305.0563571, "timestamps": [1587887305.3176184, 1587887307.74874, 1587887308.7339664, 1587887309.1181283, 1587887309.1839747, 1587887309.2090065, 1587887309.5873458, 1587887309.7910664, 1587887310.1964347, 1587887310.7537556, 1587887311.1776032, 1587887311.2627923, 1587887311.2644818, 1587887311.6652057, 1587887311.692768, 1587887311.7087562, 1587887311.7989798, 1587887311.8437483, 1587887312.2473335, 1587887312.2517056, 1587887312.2960546, 1587887312.3043637, 1587887312.305229, 1587887312.7012093, 1587887312.7161, 1587887312.725514, 1587887312.8970942, 1587887333.428843, 1587887334.060566, 1587887334.0696678, 1587887334.0705092, 1587887334.0759006, 1587887334.3596456, 1587887334.7406967, 1587887335.0954869, 1587887335.0963914, 1587887335.097233, 1587887335.1095428, 1587887335.2768626, 1587887335.2776904, 1587887335.3539703, 1587887335.3547626, 1587887335.4183638, 1587887335.8420427, 1587887336.1918411, 1587887336.213516, 1587887336.2143853, 1587887336.2153182, 1587887336.216143, 1587887336.232412, 1587887336.2442744, 1587887336.3379254, 1587887336.680788, 1587887336.7218509, 1587887336.8042333, 1587887337.0443554, 1587887337.4576507, 1587887337.863465, 1587887337.8650973, 1587887337.907215, 1587887337.9216826, 1587887338.172589, 1587887338.569694, 1587887338.5746229, 1587887360.1441877, 1587887360.794298, 1587887360.8273761, 1587887361.2349966, 1587887361.2817478, 1587887361.677328, 1587887361.8173947, 1587887361.856243, 1587887362.0844915, 1587887362.3656511, 1587887362.4113789, 1587887362.4952848, 1587887362.49606, 1587887362.4968755, 1587887362.547299, 1587887362.5701785, 1587887362.5715184, 1587887362.9504042, 1587887363.34698, 1587887363.6093206, 1587887363.6205719, 1587887363.6306, 1587887363.6314442, 1587887363.6677053, 1587887363.6760352, 1587887363.6953716, 1587887363.7071614, 1587887364.110738, 1587887364.1115465, 1587887364.143044, 1587887364.1438973, 1587887364.5467765, 1587887364.5481033, 1587887364.9770062, 1587887365.3560057, 1587887365.3568387, 1587887365.7416172, 1587887365.7610176, 1587887365.7777944, 1587887365.783974, 1587887365.8658352, 1587887365.9675822, 1587887366.0504236, 1587887366.1521215, 1587887366.160547, 1587887366.1692307, 1587887366.5617068, 1587887366.5665019, 1587887366.5700471, 1587887366.8250942, 1587887366.913149, 1587887367.3097887, 1587887367.7158766, 1587887367.7249684, 1587887367.725808, 1587887367.7902496, 1587887367.7911112, 1587887367.8094203, 1587887367.8178375, 1587887367.8186736, 1587887367.8776555, 1587887379.7015615, 1587887380.3931384, 1587887380.5476644, 1587887380.5494256, 1587887380.9618251, 1587887381.387913, 1587887381.4101975, 1587887381.4195693, 1587887381.4508524, 1587887381.7610085, 1587887381.8647263, 1587887381.917387, 1587887381.9483185, 1587887381.949199, 1587887381.9500117, 1587887382.351795, 1587887382.6946926, 1587887383.103369, 1587887383.542977, 1587887383.5480285, 1587887383.5867822, 1587887383.6253605, 1587887383.8732607, 1587887384.1646316, 1587887386.1391144, 1587887386.8929324, 1587887387.9943786, 1587887396.2707655, 1587887396.2716248, 1587887396.966614, 1587887405.2832384, 1587887406.027467, 1587887408.231358, 1587887408.8995144, 1587887411.066216, 1587887416.4302285, 1587887424.2020977, 1587887424.2996845, 1587887426.9791803, 1587887435.2221293, 1587887443.5478418, 1587887447.7629163, 1587887447.925409, 1587887447.9569848, 1587887448.5464206, 1587887448.547223, 1587887449.39773, 1587887455.2892318, 1587887457.1130836, 1587887464.3298385, 1587887472.603158, 1587887472.8634715, 1587887472.9985929, 1587887472.9995146, 1587887480.6905699, 1587887488.8788354, 1587887495.63737, 1587887496.9125683, 1587887496.9436495, 1587887496.944445, 1587887496.9452434, 1587887503.9770935, 1587887504.1392355, 1587887507.6950884, 1587887507.69594, 1587887513.786664, 1587887515.0076642, 1587887517.9474325, 1587887518.9007423, 1587887519.4861994, 1587887521.5832024, 1587887524.2833667, 1587887524.3181899, 1587887524.3190813, 1587887525.3376534, 1587887533.6250749, 1587887541.932958, 1587887541.9677286, 1587887542.2585685, 1587887550.5486681, 1587887550.9130347, 1587887552.1643062, 1587887552.6473186, 1587887556.0084848, 1587887556.0093822, 1587887556.592566, 1587887564.9267285, 1587887564.927733, 1587887565.3283522, 1587887567.786995, 1587887568.251721, 1587887576.289919, 1587887579.1089003, 1587887586.9553092, 1587887587.503383, 1587887595.8400137, 1587887597.601678, 1587887605.951089, 1587887606.7360735, 1587887607.3026276, 1587887607.3046227, 1587887607.339382, 1587887608.0903766, 1587887608.0911984, 1587887609.4809716, 1587887609.7437584, 1587887610.0295963, 1587887618.3716037, 1587887619.4496837, 1587887624.8961477, 1587887627.3423223, 1587887635.674164, 1587887636.0967739, 1587887636.0976684, 1587887636.3650157, 1587887636.7560184, 1587887645.135135, 1587887645.2699292, 1587887653.605068, 1587887653.6059365, 1587887661.9197834, 1587887661.9526215, 1587887669.4227426, 1587887670.3023324, 1587887678.6354332, 1587887679.2288144, 1587887687.617418, 1587887688.01554, 1587887696.327545, 1587887696.3300393, 1587887704.67151, 1587887713.0081367, 1587887714.9112012, 1587887719.9383686, 1587887723.0257695, 1587887731.3109283, 1587887731.345297, 1587887737.4309506, 1587887737.5994422, 1587887738.2059512, 1587887746.537696, 1587887747.0904777, 1587887747.2503004, 1587887747.4488459, 1587887749.8298368, 1587887749.9629755, 1587887750.5399563, 1587887750.5409205, 1587887758.9439774, 1587887763.2899096, 1587887763.2907083, 1587887763.2914624, 1587887763.3225007, 1587887766.8916147, 1587887767.2487276, 1587887767.3856738, 1587887773.6347876, 1587887775.0783556, 1587887775.0792816, 1587887775.8318415, 1587887784.1798975, 1587887789.8018887, 1587887794.6486273, 1587887794.6810446, 1587887795.022984, 1587887795.1501584, 1587887795.1515763, 1587887795.4389281, 1587887796.1082897, 1587887796.1416042, 1587887804.5095425, 1587887804.5105407, 1587887805.0479379], "episode_lengths": [1, 131, 1000, 919, 165, 62, 1000, 524, 38, 6, 1000, 206, 3, 1000, 68, 39, 229, 113, 1000, 10, 109, 20, 1, 1000, 37, 23, 418, 1000, 77, 21, 1, 11, 739, 1000, 892, 1, 1, 28, 431, 1, 195, 1, 159, 1000, 861, 52, 1, 1, 1, 38, 28, 239, 864, 102, 214, 578, 1000, 925, 3, 102, 35, 620, 1000, 9, 1000, 1, 77, 1000, 117, 1000, 340, 95, 556, 702, 112, 196, 1, 1, 101, 24, 2, 915, 1000, 655, 25, 23, 1, 92, 20, 44, 27, 1000, 1, 76, 1, 1000, 2, 1000, 1000, 1, 1000, 47, 42, 15, 207, 247, 213, 257, 20, 21, 1000, 11, 8, 555, 215, 1000, 1000, 21, 1, 155, 1, 44, 20, 1, 146, 625, 363, 372, 3, 1000, 1000, 52, 21, 70, 753, 257, 124, 72, 1, 1, 1000, 836, 1000, 1000, 11, 90, 92, 600, 716, 370, 89, 132, 1000, 1, 85, 1000, 86, 266, 79, 265, 642, 944, 14, 329, 1000, 1000, 504, 20, 1, 72, 1, 99, 712, 222, 867, 1000, 31, 18, 1, 926, 994, 815, 153, 2, 1, 1, 846, 21, 431, 1, 736, 148, 346, 119, 66, 256, 328, 5, 1, 124, 1000, 1000, 4, 33, 1000, 47, 149, 56, 404, 1, 67, 1000, 1, 47, 293, 55, 282, 272, 937, 61, 1000, 213, 1000, 96, 67, 1, 5, 88, 1, 167, 32, 33, 1000, 132, 651, 297, 1000, 49, 1, 32, 45, 1000, 15, 1000, 1, 1000, 2, 904, 107, 1000, 70, 1000, 48, 1000, 2, 1000, 1000, 231, 603, 373, 1000, 3, 732, 22, 71, 1000, 63, 22, 21, 288, 16, 70, 1, 1000, 522, 1, 1, 1, 425, 46, 16, 746, 172, 1, 91, 1000, 686, 575, 2, 43, 13, 2, 31, 82, 1, 1000, 1, 64],