{"initial_reset_timestamp": 1587618784.7393572, "timestamps": [1587618791.4327495, 1587618798.4142878, 1587618798.6209567, 1587618798.7355747, 1587618798.810823, 1587618798.9708943, 1587618799.2223456, 1587618799.47009, 1587618800.5750194, 1587618800.8641303, 1587618800.903036, 1587618801.1600032, 1587618801.4114392, 1587618801.4536972, 1587618801.4905813, 1587618801.5398085, 1587618801.792514], "episode_lengths": [1000, 1000, 98, 457, 293, 661, 982, 1000, 159, 306, 150, 1000, 1000, 165, 146, 191, 1000], "episode_rewards": [0.0, 0.0, 10.0, 0.0, 0.0, 10.0, 0.0, 0.0, 10.0, 0.0, 10.0, 0.0, 0.0, 10.0, 10.0, 0.0, 0.0], "episode_types": ["t", "t", "t", "t", "t", "t", "t", "t", "t", "t", "t", "t", "t", "t", "t", "t", "t", "t"]}