{"initial_reset_timestamp": 1587882574.091289, "timestamps": [1587882583.121988, 1587882596.035537, 1587882596.8028975, 1587882596.9743633, 1587882597.1112876, 1587882597.1987152, 1587882597.5015755, 1587882597.830706, 1587882601.0559173, 1587882601.7758074, 1587882602.246676, 1587882602.5834675, 1587882602.7467906, 1587882602.7735257, 1587882603.0188613, 1587882603.4663444, 1587882603.8028107, 1587882603.8484137, 1587882604.1163785, 1587882604.2409668, 1587882604.265296, 1587882604.322248, 1587882604.6599455, 1587882605.030918, 1587882605.139922, 1587882605.3307414, 1587882605.6639578, 1587882620.3144243, 1587882621.051553, 1587882621.296438, 1587882621.620455, 1587882621.713505, 1587882622.0572462, 1587882622.4055672, 1587882622.5789018, 1587882622.6520934, 1587882622.7885349, 1587882623.1248202, 1587882623.2026827, 1587882623.2639658, 1587882623.6520674, 1587882624.0016775, 1587882624.4793887, 1587882624.8368611, 1587882625.1775122, 1587882625.5223894, 1587882625.7468262, 1587882626.088935, 1587882626.1320233, 1587882626.3845322, 1587882626.639792, 1587882626.782728, 1587882626.940122, 1587882627.470183, 1587882627.8415692, 1587882628.1854806, 1587882628.3160799, 1587882628.6602376, 1587882629.003335, 1587882629.0951147, 1587882629.2341926, 1587882629.573593, 1587882629.953395, 1587882630.07008, 1587882646.9925773, 1587882647.4726927, 1587882647.8303459, 1587882648.1105728, 1587882648.3744345, 1587882648.5115702, 1587882648.8903491, 1587882649.2067275, 1587882649.5563717, 1587882649.7387483, 1587882655.3214974, 1587882662.8013682, 1587882665.3410542, 1587882666.4243507, 1587882668.740616, 1587882670.3925292, 1587882676.6067297, 1587882677.0213258, 1587882683.149467, 1587882687.7630718, 1587882695.8524003, 1587882703.9070427, 1587882712.044855, 1587882720.1424978, 1587882721.6043108, 1587882725.4641643, 1587882733.5844817, 1587882734.7662582, 1587882742.875041, 1587882750.970439, 1587882751.394227, 1587882753.83738, 1587882761.9677253, 1587882770.7059252, 1587882775.5717428, 1587882783.7370403, 1587882787.0909271, 1587882795.1846247, 1587882799.8866127, 1587882807.645939, 1587882815.7796857, 1587882817.7645319, 1587882825.877397, 1587882833.9955785, 1587882835.4327657, 1587882843.5590155, 1587882851.6682794, 1587882859.7821987, 1587882867.9031289, 1587882868.6550047, 1587882872.848532, 1587882874.1447322, 1587882879.6232734, 1587882887.7862926, 1587882895.9007666, 1587882899.1890955, 1587882907.3334534, 1587882915.5376327, 1587882917.7940812, 1587882926.0172083, 1587882927.8878849, 1587882952.9937172, 1587882954.8707826, 1587882963.017549, 1587882971.1348507, 1587882979.2505002, 1587882980.2247434, 1587882983.1022944, 1587882985.7238743, 1587882990.1063998, 1587882994.5958047, 1587883002.7505288, 1587883006.8232317, 1587883009.8384373, 1587883017.430927, 1587883025.509442, 1587883029.474517, 1587883035.7285016, 1587883043.8700874, 1587883051.9983773, 1587883055.3968844, 1587883063.5254042, 1587883070.086403], "episode_lengths": [527, 719, 486, 509, 415, 261, 903, 1000, 205, 681, 1000, 1000, 421, 77, 611, 896, 1000, 117, 779, 376, 71, 171, 1000, 763, 312, 549, 1000, 885, 1000, 721, 866, 281, 1000, 1000, 505, 210, 394, 1000, 227, 174, 1000, 1000, 1000, 1000, 1000, 1000, 559, 1000, 107, 710, 734, 415, 459, 863, 1000, 1000, 382, 1000, 1000, 272, 404, 1000, 1000, 341, 1000, 71, 1000, 813, 770, 382, 1000, 918, 1000, 535, 840, 932, 311, 136, 291, 201, 772, 52, 762, 577, 1000, 1000, 1000, 1000, 177, 477, 1000, 149, 1000, 1000, 53, 300, 1000, 1000, 599, 1000, 414, 1000, 579, 963, 1000, 242, 1000, 1000, 177, 1000, 1000, 1000, 1000, 89, 514, 162, 676, 1000, 1000, 407, 1000, 1000, 277, 1000, 231, 1000, 183, 1000, 1000, 1000, 121, 351, 327, 540, 555, 1000, 496, 371, 931, 1000, 488, 770, 1000, 1000, 415, 1000, 809], "episode_rewards": [10.0, 10.0, 0.0, 0.0, 0.0, 0.0, 10.0, 0.0, 10.0, 0.0, 0.0, 0.0, 0.0, 10.0, 0.0, 0.0, 0.0, 0.0, 0.0, 10.0, 0.0, 0.0, 0.0, 0.0, 0.0, 10.0, 0.0, 0.0, 0.0, 10.0, 0.0, 10.0, 0.0, 0.0, 0.0, 0.0, 10.0, 0.0, 0.0, 0.0, 0.0, 0.0, 0.0, 0.0, 0.0, 0.0, 10.0, 0.0, 0.0, 0.0, 10.0, 0.0, 10.0, 0.0, 0.0, 0.0, 10.0, 0.0, 0.0, 10.0, 10.0, 0.0, 0.0, 0.0, 0.0, 10.0, 0.0, 0.0, 0.0, 0.0, 0.0, 10.0, 0.0, 0.0, 0.0, 10.0, 0.0, 0.0, 0.0, 10.0, 0.0, 0.0, 10.0, 0.0, 0.0, 0.0, 0.0, 0.0, 0.0, 0.0, 0.0, 10.0, 0.0, 0.0, 0.0, 10.0, 0.0, 0.0, 10.0, 0.0, 0.0, 0.0, 10.0, 0.0, 0.0, 0.0, 0.0, 0.0, 0.0, 0.0, 0.0, 0.0, 0.0, 0.0, 0.0, 0.0, 10.0, 0.0, 0.0, 10.0, 0.0, 0.0, 10.0, 0.0, 0.0, 0.0, 0.0, 0.0, 0.0, 0.0, 0.0, 0.0, 10.0, 0.0, 0.0, 0.0, 10.0, 0.0, 10.0, 0.0, 0.0, 0.0, 0.0, 0.0, 0.0, 0.0, 10.0], "episode_types": ["t", "t", "t", "t", "t", "t", "t", "t", "t", "t", "t", "t", "t", "t", "t", "t", "t", "t", "t", "t", "t", "t", "t", "t", "t", "t", "t", "t", "t", "t", "t", "t", "t", "t", "t", "t", "t", "t", "t", "t", "t", "t", "t", "t", "t", "t", "t", "t", "t", "t", "t", "t", "t", "t", "t", "t", "t", "t", "t", "t", "t", "t", "t", "t", "t", "t", "t", "t", "t", "t", "t", "t", "t", "t", "t", "t", "t", "t", "t", "t", "t", "t", "t", "t", "t", "t", "t", "t", "t", "t", "t", "t", "t", "t", "t", "t", "t", "t", "t", "t", "t", "t", "t", "t", "t", "t", "t", "t", "t", "t", "t", "t", "t", "t", "t", "t", "t", "t", "t", "t", "t", "t", "t", "t", "t", "t", "t", "t", "t", "t", "t", "t", "t", "t", "t", "t", "t", "t", "t", "t", "t", "t", "t", "t", "t", "t", "t", "t"]}