{"initial_reset_timestamp": 1587874877.2833292, "timestamps": [1587874881.1279602, 1587874891.159048, 1587874892.710896, 1587874893.1137123, 1587874893.3747597, 1587874893.6182222, 1587874893.6961613, 1587874893.886175, 1587874895.1765156, 1587874895.6640909, 1587874895.7723267, 1587874895.9703577, 1587874896.0392702, 1587874896.2464392, 1587874896.3929882, 1587874899.9900782, 1587874907.5883415, 1587874914.9984827, 1587874916.284394, 1587874918.0393639, 1587874923.0282829, 1587874930.4018319, 1587874938.0835009, 1587874940.6754334, 1587874942.8521256, 1587874950.2516828, 1587874957.623323, 1587874971.0791616, 1587874977.1506336], "episode_lengths": [505, 445, 502, 737, 1000, 1000, 315, 770, 178, 1000, 425, 806, 276, 841, 590, 1000, 1000, 1000, 172, 236, 668, 1000, 1000, 348, 293, 1000, 1000, 1000, 796], "episode_rewards": [10.0, 10.0, 10.0, 0.0, 0.0, 0.0, 10.0, 0.0, 0.0, 10.0, 10.0, 0.0, 0.0, 0.0, 10.0, 0.0, 0.0, 0.0, 10.0, 10.0, 10.0, 0.0, 0.0, 10.0, 0.0, 0.0, 0.0, 0.0, 10.0], "episode_types": ["t", "t", "t", "t", "t", "t", "t", "t", "t", "t", "t", "t", "t", "t", "t", "t", "t", "t", "t", "t", "t", "t", "t", "t", "t", "t", "t", "t", "t", "t"]}