{"initial_reset_timestamp": 1587881262.5549817, "timestamps": [1587881278.2205107, 1587881286.007243, 1587881286.8287847, 1587881286.998814, 1587881287.3583515, 1587881287.6938832, 1587881287.9007764, 1587881287.9736333, 1587881292.80099, 1587881293.405053, 1587881293.78473, 1587881294.160862, 1587881294.2985296, 1587881294.4991298, 1587881294.6819713, 1587881294.984319, 1587881295.2280169, 1587881295.6477163, 1587881295.7925293, 1587881296.1323223, 1587881296.4750996, 1587881296.576619, 1587881296.9085457, 1587881297.0194838, 1587881297.156557, 1587881297.2475193, 1587881297.3401282, 1587881305.566472, 1587881306.1127381, 1587881306.139018, 1587881306.2221496, 1587881306.5600169, 1587881306.6149223, 1587881306.8799014, 1587881307.2311502, 1587881307.5738146, 1587881307.9565885, 1587881308.1133423, 1587881308.6787267, 1587881309.0239697, 1587881309.1501877, 1587881309.4890363, 1587881309.8234708, 1587881309.9108245, 1587881310.0485358, 1587881310.136238, 1587881310.251337, 1587881310.3035288, 1587881310.3664112, 1587881310.508958, 1587881310.5883048, 1587881310.9289482, 1587881311.098693, 1587881311.4399598, 1587881311.7726014, 1587881311.8683782, 1587881311.9326594, 1587881312.313, 1587881312.4352312, 1587881312.6548934, 1587881312.7210479, 1587881313.0652905, 1587881313.5140426, 1587881313.5857337, 1587881330.5156326, 1587881331.2345674, 1587881331.345436, 1587881331.4514291, 1587881331.5353718, 1587881331.714837, 1587881331.8007414, 1587881332.0421233, 1587881332.1288633, 1587881332.2519217, 1587881332.5409932, 1587881332.925394, 1587881332.9979331, 1587881333.3408737, 1587881333.4777718, 1587881333.809331, 1587881334.152703, 1587881334.5022538, 1587881334.6212268, 1587881335.2102036, 1587881336.0339327, 1587881344.0392723, 1587881346.2168589, 1587881349.4001076, 1587881357.383704, 1587881364.300934, 1587881372.378641, 1587881374.5726805, 1587881378.7974815, 1587881383.8623934, 1587881391.3477778, 1587881399.404792, 1587881399.9799302, 1587881405.935879, 1587881410.4620652, 1587881418.6136208, 1587881421.570013, 1587881423.5710742, 1587881425.8883896, 1587881431.3956118, 1587881436.297155, 1587881441.8837767, 1587881442.356671, 1587881447.6992319, 1587881455.791485, 1587881458.3947678, 1587881458.875663, 1587881462.3501503, 1587881463.3685308, 1587881464.1009026, 1587881466.1918182, 1587881474.2904072, 1587881477.326141, 1587881479.3994193, 1587881487.4578156, 1587881495.551798, 1587881496.1569152, 1587881503.1921175, 1587881511.258491, 1587881519.373427, 1587881523.2165577, 1587881543.6177132, 1587881552.1291833, 1587881558.2253835, 1587881563.917974, 1587881568.7817452, 1587881576.8712876, 1587881584.978966, 1587881593.1075473, 1587881594.3763673, 1587881601.2484715, 1587881603.2809217, 1587881605.3112395, 1587881607.6356158, 1587881614.566206, 1587881617.126161, 1587881625.2023191, 1587881625.8022676, 1587881628.5436306, 1587881631.3448303, 1587881639.4054403, 1587881644.6775663, 1587881649.405496, 1587881657.2326794, 1587881665.316125, 1587881673.4446905, 1587881677.5059767, 1587881682.2922971, 1587881690.4190526, 1587881698.5397491, 1587881706.647496, 1587881712.0701182, 1587881715.7022374, 1587881723.823032, 1587881727.6956372, 1587881731.7990208, 1587881738.831407, 1587881741.3594203, 1587881746.2322254], "episode_lengths": [1000, 446, 1000, 489, 1000, 1000, 623, 209, 282, 194, 777, 1000, 268, 586, 297, 890, 719, 1000, 438, 1000, 1000, 299, 1000, 329, 407, 271, 271, 471, 133, 74, 254, 1000, 163, 765, 1000, 1000, 1000, 457, 1000, 1000, 372, 1000, 1000, 254, 304, 259, 338, 149, 180, 429, 234, 1000, 474, 1000, 1000, 281, 179, 1000, 361, 634, 191, 1000, 1000, 211, 1000, 734, 310, 300, 247, 512, 242, 691, 249, 357, 830, 1000, 211, 1000, 393, 1000, 1000, 1000, 347, 659, 105, 1000, 270, 397, 1000, 852, 1000, 272, 524, 627, 927, 1000, 74, 735, 562, 1000, 354, 250, 287, 685, 608, 689, 63, 660, 1000, 322, 60, 429, 128, 86, 260, 1000, 378, 255, 1000, 1000, 77, 868, 1000, 1000, 475, 792, 1000, 752, 703, 594, 1000, 1000, 1000, 154, 840, 255, 250, 290, 853, 312, 1000, 73, 340, 350, 996, 652, 580, 960, 1000, 1000, 490, 585, 1000, 1000, 1000, 666, 446, 1000, 476, 507, 866, 309, 598], "episode_rewards": [0.0, 10.0, 0.0, 0.0, 0.0, 0.0, 10.0, 10.0, 10.0, 10.0, 0.0, 0.0, 0.0, 0.0, 0.0, 0.0, 0.0, 0.0, 10.0, 0.0, 0.0, 0.0, 0.0, 10.0, 0.0, 10.0, 0.0, 10.0, 0.0, 0.0, 0.0, 0.0, 10.0, 0.0, 0.0, 0.0, 0.0, 10.0, 0.0, 0.0, 0.0, 0.0, 0.0, 0.0, 10.0, 0.0, 10.0, 10.0, 0.0, 0.0, 10.0, 0.0, 10.0, 0.0, 0.0, 10.0, 0.0, 0.0, 10.0, 0.0, 0.0, 0.0, 0.0, 10.0, 0.0, 10.0, 0.0, 10.0, 0.0, 10.0, 0.0, 10.0, 10.0, 10.0, 0.0, 0.0, 0.0, 0.0, 10.0, 0.0, 0.0, 0.0, 10.0, 10.0, 0.0, 0.0, 0.0, 10.0, 0.0, 0.0, 0.0, 10.0, 0.0, 0.0, 10.0, 0.0, 0.0, 0.0, 0.0, 0.0, 0.0, 0.0, 10.0, 10.0, 10.0, 0.0, 10.0, 0.0, 0.0, 0.0, 10.0, 10.0, 0.0, 0.0, 0.0, 0.0, 0.0, 0.0, 0.0, 0.0, 0.0, 10.0, 0.0, 0.0, 10.0, 10.0, 0.0, 10.0, 10.0, 0.0, 0.0, 0.0, 0.0, 10.0, 0.0, 0.0, 0.0, 10.0, 0.0, 0.0, 0.0, 10.0, 0.0, 0.0, 10.0, 0.0, 0.0, 0.0, 0.0, 0.0, 0.0, 0.0, 0.0, 0.0, 0.0, 0.0, 10.0, 0.0, 0.0, 10.0, 10.0, 10.0, 0.0], "episode_types": ["t", "t", "t", "t", "t", "t", "t", "t", "t", "t", "t", "t", "t", "t", "t", "t", "t", "t", "t", "t", "t", "t", "t", "t", "t", "t", "t", "t", "t", "t", "t", "t", "t", "t", "t", "t", "t", "t", "t", "t", "t", "t", "t", "t", "t", "t", "t", "t", "t", "t", "t", "t", "t", "t", "t", "t", "t", "t", "t", "t", "t", "t", "t", "t", "t", "t", "t", "t", "t", "t", "t", "t", "t", "t", "t", "t", "t", "t", "t", "t", "t", "t", "t", "t", "t", "t", "t", "t", "t", "t", "t", "t", "t", "t", "t", "t", "t", "t", "t", "t", "t", "t", "t", "t", "t", "t", "t", "t", "t", "t", "t", "t", "t", "t", "t", "t", "t", "t", "t", "t", "t", "t", "t", "t", "t", "t", "t", "t", "t", "t", "t", "t", "t", "t", "t", "t", "t", "t", "t", "t", "t", "t", "t", "t", "t", "t", "t", "t", "t", "t", "t", "t", "t", "t", "t", "t", "t", "t", "t", "t", "t", "t", "t", "t"]}