{"initial_reset_timestamp": 1587618410.4412484, "timestamps": [1587618414.2598665, 1587618420.5471501, 1587618421.0184667, 1587618421.2735426, 1587618421.3878481, 1587618421.6364408, 1587618421.7805088, 1587618422.0274856, 1587618428.8634012, 1587618429.3276331, 1587618429.3557317, 1587618429.6073444], "episode_lengths": [546, 826, 1000, 1000, 460, 1000, 578, 1000, 1000, 932, 116, 1000], "episode_rewards": [10.0, 10.0, 0.0, 0.0, 10.0, 0.0, 10.0, 0.0, 0.0, 10.0, 0.0, 0.0], "episode_types": ["t", "t", "t", "t", "t", "t", "t", "t", "t", "t", "t", "t", "t"]}