{"initial_reset_timestamp": 1587618357.2771814, "timestamps": [1587618360.4780962, 1587618361.788089, 1587618362.0548031, 1587618362.0858362, 1587618362.3462863, 1587618362.599775, 1587618362.8013346, 1587618362.8436763, 1587618367.5445764, 1587618367.8642802, 1587618367.9779072, 1587618368.1506722, 1587618368.2768798, 1587618368.386313, 1587618368.6343274, 1587618368.680786, 1587618368.7083995, 1587618368.9585876], "episode_lengths": [481, 155, 140, 119, 1000, 1000, 790, 171, 720, 426, 446, 675, 502, 431, 1000, 187, 112, 1000], "episode_rewards": [10.0, 0.0, 10.0, 0.0, 0.0, 0.0, 0.0, 0.0, 0.0, 0.0, 0.0, 0.0, 0.0, 10.0, 0.0, 10.0, 10.0, 0.0], "episode_types": ["t", "t", "t", "t", "t", "t", "t", "t", "t", "t", "t", "t", "t", "t", "t", "t", "t", "t", "t"]}