{"initial_reset_timestamp": 1587619673.537293, "timestamps": [1587619675.1080317, 1587619678.7211857, 1587619679.2558463, 1587619679.545348, 1587619679.7611163, 1587619679.9564364, 1587619680.1158216, 1587619680.3858058, 1587619681.4928744, 1587619681.7844687, 1587619681.8720117, 1587619682.1096742, 1587619682.377205, 1587619682.5857406, 1587619684.6958637, 1587619692.0582213, 1587619693.5841212, 1587619697.6283793, 1587619698.94321, 1587619700.2929375, 1587619706.2737887, 1587619714.6241734, 1587619723.559913, 1587619732.3217402], "episode_lengths": [220, 470, 1000, 1000, 819, 753, 609, 1000, 155, 162, 337, 902, 1000, 795, 1000, 976, 197, 492, 176, 180, 717, 1000, 1000, 1000], "episode_rewards": [0.0, 0.0, 0.0, 0.0, 10.0, 10.0, 10.0, 0.0, 10.0, 0.0, 10.0, 10.0, 0.0, 0.0, 0.0, 0.0, 10.0, 0.0, 10.0, 0.0, 0.0, 0.0, 0.0, 0.0], "episode_types": ["t", "t", "t", "t", "t", "t", "t", "t", "t", "t", "t", "t", "t", "t", "t", "t", "t", "t", "t", "t", "t", "t", "t", "t", "t"]}