{"initial_reset_timestamp": 1587885988.07149, "timestamps": [1587885992.9089587, 1587886010.897559, 1587886011.3380735, 1587886011.6794744, 1587886011.710338, 1587886012.044188, 1587886012.382899, 1587886012.4867394, 1587886029.7260869, 1587886030.605852, 1587886030.9552052, 1587886031.0932, 1587886031.0979056, 1587886031.116666, 1587886031.4982953, 1587886031.8496125, 1587886032.1979609, 1587886032.2189045, 1587886032.2301102, 1587886032.5758219, 1587886032.6392035, 1587886032.7222826, 1587886032.8473856, 1587886033.198177, 1587886033.4785118, 1587886033.4856408, 1587886033.5163863, 1587886040.80513, 1587886041.5689964, 1587886041.788897, 1587886042.1429718, 1587886042.2701643, 1587886042.3173633, 1587886042.3473148, 1587886042.695338, 1587886043.0435703, 1587886043.0721848, 1587886043.379141, 1587886043.7691963, 1587886044.0314107, 1587886044.0995286, 1587886044.2735457, 1587886044.6221452, 1587886044.6240022, 1587886044.9356728, 1587886045.276431, 1587886045.4733307, 1587886045.5003493, 1587886045.515556, 1587886045.5405867, 1587886045.6935046, 1587886045.835524, 1587886046.1788266, 1587886046.249641, 1587886046.276339, 1587886046.2777584, 1587886046.3418322, 1587886046.4473631, 1587886046.6629457, 1587886046.667504, 1587886046.786797, 1587886047.140662, 1587886047.1644247, 1587886047.5215688, 1587886047.8307014, 1587886048.2779107, 1587886048.399941, 1587886048.4164224, 1587886048.485764, 1587886048.81143, 1587886049.1661177, 1587886049.42058, 1587886049.7957048, 1587886049.797722, 1587886050.1500914, 1587886050.1571193, 1587886050.3215535, 1587886050.6785996, 1587886050.7911122, 1587886051.150163, 1587886051.3285716, 1587886051.6848326, 1587886052.019032, 1587886052.0955102, 1587886052.4470341, 1587886052.474335, 1587886052.5436587, 1587886052.8962724, 1587886052.9280925, 1587886053.2798524, 1587886053.6283684, 1587886053.64682, 1587886054.0339103, 1587886054.145474, 1587886057.8568635, 1587886060.5312777, 1587886061.9964762, 1587886062.2113726, 1587886070.2021224, 1587886071.271818, 1587886071.7791033, 1587886072.6881905, 1587886074.098952, 1587886082.1311765, 1587886090.2061648, 1587886098.2386456, 1587886106.2444406, 1587886109.4094255, 1587886111.3091316, 1587886119.359188, 1587886119.8121798, 1587886127.495993, 1587886135.551047, 1587886143.558142, 1587886150.4407368, 1587886150.779139, 1587886155.9665926, 1587886157.9233022, 1587886165.9516342, 1587886173.9981046, 1587886175.3051724, 1587886178.9471865, 1587886187.010936, 1587886189.9529243, 1587886190.080359, 1587886190.3257604, 1587886198.4490047, 1587886206.5023677, 1587886214.5126703, 1587886222.581798, 1587886223.2126951, 1587886231.2678883, 1587886237.036197, 1587886241.7429008, 1587886242.4152265, 1587886242.480573, 1587886250.526374, 1587886253.9960597, 1587886258.2491837, 1587886264.561586, 1587886268.9982588, 1587886277.0698261, 1587886278.592551, 1587886280.1934106, 1587886283.2699182, 1587886283.9420981, 1587886291.9532435, 1587886296.3185754, 1587886304.377467, 1587886312.4199138, 1587886320.5278816, 1587886322.2920852, 1587886323.2129598, 1587886324.7554722, 1587886332.8269665, 1587886337.27929, 1587886337.7999747, 1587886345.9257355, 1587886349.327407, 1587886349.3913014, 1587886349.896989, 1587886350.24955, 1587886358.3619444, 1587886359.0213046, 1587886360.9764063, 1587886362.6345532, 1587886364.1982782, 1587886372.2605934, 1587886373.7757561, 1587886374.4843457, 1587886382.566999, 1587886390.648776, 1587886390.7758868, 1587886398.8514183, 1587886403.5612898, 1587886404.3822956, 1587886412.4197948, 1587886420.5112057, 1587886427.8338346, 1587886434.1327538, 1587886437.9468076, 1587886439.4433997, 1587886442.791359, 1587886450.8758159, 1587886451.357787, 1587886452.751556], "episode_lengths": [310, 1000, 21, 1000, 89, 1000, 1000, 295, 1000, 1000, 1000, 396, 11, 50, 994, 1000, 1000, 54, 28, 1000, 181, 232, 352, 1000, 692, 17, 86, 476, 1000, 614, 1000, 356, 135, 83, 1000, 1000, 84, 884, 1000, 750, 198, 489, 1000, 3, 906, 1000, 585, 76, 42, 70, 373, 417, 1000, 202, 76, 1, 179, 296, 596, 11, 328, 1000, 66, 1000, 21, 555, 342, 44, 194, 925, 1000, 724, 1000, 3, 1000, 17, 471, 1000, 318, 1000, 497, 1000, 864, 210, 1000, 77, 190, 1000, 87, 1000, 1000, 51, 1000, 311, 464, 331, 183, 24, 1000, 131, 66, 112, 176, 1000, 1000, 1000, 1000, 394, 238, 1000, 55, 953, 1000, 1000, 855, 41, 644, 244, 1000, 1000, 162, 453, 1000, 363, 16, 4, 1000, 1000, 1000, 1000, 79, 1000, 714, 583, 84, 11, 1000, 432, 528, 781, 555, 1000, 188, 197, 381, 86, 1000, 539, 1000, 1000, 1000, 218, 118, 187, 1000, 551, 66, 1000, 418, 11, 62, 44, 1000, 80, 246, 203, 190, 1000, 190, 87, 1000, 1000, 16, 1000, 585, 98, 1000, 1000, 911, 781, 472, 186, 414, 1000, 61, 174], "episode_rewards": [0.0, 0.0, 0.0, 0.0, 0.0, 0.0, 0.0, 0.0, 0.0, 0.0, 0.0, 10.0, 10.0, 10.0, 0.0, 0.0, 0.0, 0.0, 0.0, 0.0, 0.0, 0.0, 0.0, 0.0, 0.0, 0.0, 10.0, 0.0, 0.0, 10.0, 0.0, 0.0, 0.0, 0.0, 0.0, 0.0, 0.0, 0.0, 0.0, 10.0, 0.0, 0.0, 0.0, 0.0, 0.0, 0.0, 10.0, 0.0, 0.0, 0.0, 10.0, 10.0, 0.0, 0.0, 0.0, 0.0, 0.0, 0.0, 0.0, 10.0, 10.0, 0.0, 0.0, 0.0, 0.0, 10.0, 0.0, 0.0, 0.0, 0.0, 0.0, 10.0, 0.0, 10.0, 0.0, 10.0, 10.0, 0.0, 0.0, 0.0, 10.0, 0.0, 0.0, 0.0, 0.0, 0.0, 10.0, 0.0, 0.0, 0.0, 0.0, 0.0, 0.0, 10.0, 0.0, 0.0, 10.0, 10.0, 0.0, 0.0, 10.0, 0.0, 0.0, 0.0, 0.0, 0.0, 0.0, 0.0, 10.0, 0.0, 0.0, 10.0, 0.0, 0.0, 0.0, 0.0, 10.0, 10.0, 0.0, 0.0, 0.0, 0.0, 0.0, 10.0, 0.0, 0.0, 0.0, 0.0, 0.0, 0.0, 0.0, 0.0, 10.0, 10.0, 10.0, 0.0, 0.0, 0.0, 0.0, 0.0, 0.0, 0.0, 0.0, 0.0, 10.0, 10.0, 0.0, 0.0, 0.0, 0.0, 0.0, 0.0, 10.0, 10.0, 0.0, 0.0, 10.0, 0.0, 10.0, 0.0, 10.0, 10.0, 0.0, 0.0, 0.0, 10.0, 0.0, 0.0, 10.0, 0.0, 0.0, 0.0, 0.0, 0.0, 10.0, 10.0, 0.0, 0.0, 0.0, 0.0, 0.0, 0.0, 10.0, 0.0, 10.0, 0.0], "episode_types": ["t", "t", "t", "t", "t", "t", "t", "t", "t", "t", "t", "t", "t", "t", "t", "t", "t", "t", "t", "t", "t", "t", "t", "t", "t", "t", "t", "t", "t", "t", "t", "t", "t", "t", "t", "t", "t", "t", "t", "t", "t", "t", "t", "t", "t", "t", "t", "t", "t", "t", "t", "t", "t", "t", "t", "t", "t", "t", "t", "t", "t", "t", "t", "t", "t", "t", "t", "t", "t", "t", "t", "t", "t", "t", "t", "t", "t", "t", "t", "t", "t", "t", "t", "t", "t", "t", "t", "t", "t", "t", "t", "t", "t", "t", "t", "t", "t", "t", "t", "t", "t", "t", "t", "t", "t", "t", "t", "t", "t", "t", "t", "t", "t", "t", "t", "t", "t", "t", "t", "t", "t", "t", "t", "t", "t", "t", "t", "t", "t", "t", "t", "t", "t", "t", "t", "t", "t", "t", "t", "t", "t", "t", "t", "t", "t", "t", "t", "t", "t", "t", "t", "t", "t", "t", "t", "t", "t", "t", "t", "t", "t", "t", "t", "t", "t", "t", "t", "t", "t", "t", "t", "t", "t", "t", "t", "t", "t", "t", "t", "t", "t", "t", "t", "t", "t", "t", "t"]}