{"initial_reset_timestamp": 1587885070.2119012, "timestamps": [1587885080.968044, 1587885091.2291534, 1587885091.7333286, 1587885091.7662208, 1587885092.1190429, 1587885092.428061, 1587885092.8181756, 1587885093.1626265, 1587885093.4978416, 1587885093.9625132, 1587885093.967426, 1587885094.227748, 1587885094.5773964, 1587885094.9742978, 1587885095.328164, 1587885095.4089584, 1587885095.414585, 1587885095.794727, 1587885096.1563776, 1587885096.285953, 1587885096.4512548, 1587885096.8534226, 1587885097.2107992, 1587885097.3044374, 1587885097.6646326, 1587885098.023595, 1587885098.172735, 1587885116.1876328, 1587885116.868662, 1587885117.222383, 1587885117.235329, 1587885117.5062394, 1587885117.8679874, 1587885117.8860412, 1587885118.2134938, 1587885118.5661125, 1587885118.715335, 1587885119.0727363, 1587885119.129798, 1587885119.4410567, 1587885119.5737948, 1587885119.6314266, 1587885119.6389625, 1587885120.0015717, 1587885120.3411665, 1587885120.3436294, 1587885120.344716, 1587885120.4220552, 1587885120.781686, 1587885121.067335, 1587885121.4097972, 1587885121.8021438, 1587885121.9469137, 1587885122.3057208, 1587885122.495172, 1587885122.8517373, 1587885123.1276982, 1587885123.1587377, 1587885123.234318, 1587885123.2975457, 1587885123.688037, 1587885123.787329, 1587885124.1557186, 1587885124.461157, 1587885128.8380427, 1587885129.4096706, 1587885129.7897646, 1587885130.1609876, 1587885130.4927945, 1587885130.4940662, 1587885130.6473331, 1587885131.0165792, 1587885131.3790133, 1587885131.7401674, 1587885131.7486558, 1587885132.1504452, 1587885132.2464516, 1587885132.600519, 1587885132.8204124, 1587885133.1876018, 1587885134.9515855, 1587885135.175662, 1587885135.9432955, 1587885142.9791164, 1587885143.6486344, 1587885144.4611523, 1587885144.622651, 1587885145.595409, 1587885153.6226757, 1587885155.3910286, 1587885155.3922222, 1587885162.2681577, 1587885165.5631247, 1587885170.7248306, 1587885178.7799623, 1587885185.4732702, 1587885185.5392773, 1587885185.8304324, 1587885193.9092286, 1587885201.9698913, 1587885202.0664082, 1587885202.193007, 1587885210.2529829, 1587885210.414538, 1587885212.3444195, 1587885213.1084487, 1587885217.3300889, 1587885225.3581183, 1587885226.4095461, 1587885229.8985262, 1587885232.9875464, 1587885235.9345129, 1587885240.6028664, 1587885242.8281815, 1587885247.9182742, 1587885249.7777302, 1587885251.8770444, 1587885259.9425092, 1587885263.689436, 1587885271.76045, 1587885275.9382517, 1587885283.872393, 1587885291.9496045, 1587885293.5614898, 1587885293.825439, 1587885320.3262146, 1587885328.8609407, 1587885336.1022744, 1587885340.2702668, 1587885341.35531, 1587885341.5795674, 1587885348.8993762, 1587885350.8907852, 1587885351.5905182, 1587885352.694554, 1587885357.0550048, 1587885363.3481212, 1587885368.859341, 1587885369.1687436, 1587885370.9997647, 1587885375.699371, 1587885378.0214581, 1587885381.3783183, 1587885389.4128568, 1587885397.531399, 1587885397.9048295, 1587885406.0146747, 1587885408.3106754, 1587885416.4338324, 1587885421.8952417, 1587885422.3493488, 1587885430.4905958, 1587885438.6044984, 1587885446.6890042, 1587885452.6127658, 1587885460.6831698, 1587885468.7944589, 1587885473.013835, 1587885481.1255093, 1587885482.5206394, 1587885490.618377, 1587885498.6901703, 1587885501.7101874, 1587885509.7656138, 1587885511.047864, 1587885519.125084, 1587885524.2969017, 1587885524.3290882, 1587885532.4170146, 1587885535.8981564, 1587885537.0349789, 1587885541.4216828, 1587885549.3415596, 1587885553.3477776], "episode_lengths": [737, 552, 32, 89, 1000, 871, 1000, 1000, 30, 160, 11, 726, 1000, 1000, 1000, 220, 13, 1000, 1000, 355, 457, 1000, 1000, 263, 1000, 1000, 419, 1000, 506, 1000, 33, 651, 1000, 46, 915, 1000, 422, 1000, 163, 870, 321, 159, 20, 1000, 927, 4, 1, 218, 1000, 792, 955, 1000, 406, 1000, 517, 1000, 769, 82, 204, 175, 1000, 269, 1000, 866, 242, 143, 1000, 1000, 904, 1, 407, 1000, 1000, 1000, 21, 1000, 269, 1000, 612, 1000, 387, 28, 94, 878, 84, 101, 20, 124, 1000, 217, 1, 857, 408, 645, 1000, 825, 8, 37, 1000, 1000, 13, 16, 1000, 20, 241, 94, 526, 1000, 129, 435, 382, 370, 577, 278, 626, 229, 261, 1000, 467, 1000, 518, 981, 1000, 202, 33, 1000, 1000, 890, 515, 138, 27, 910, 246, 89, 136, 543, 776, 685, 35, 229, 580, 289, 415, 1000, 1000, 44, 1000, 278, 1000, 676, 56, 1000, 1000, 1000, 735, 1000, 1000, 522, 1000, 173, 1000, 1000, 371, 1000, 160, 1000, 638, 2, 1000, 434, 140, 544, 976, 493], "episode_rewards": [0.0, 0.0, 0.0, 0.0, 0.0, 10.0, 0.0, 0.0, 10.0, 0.0, 0.0, 0.0, 0.0, 0.0, 0.0, 10.0, 10.0, 0.0, 0.0, 0.0, 0.0, 0.0, 0.0, 10.0, 0.0, 0.0, 0.0, 0.0, 0.0, 0.0, 0.0, 0.0, 0.0, 0.0, 0.0, 0.0, 0.0, 0.0, 10.0, 0.0, 10.0, 0.0, 0.0, 0.0, 0.0, 10.0, 0.0, 10.0, 0.0, 10.0, 0.0, 0.0, 10.0, 0.0, 0.0, 0.0, 0.0, 0.0, 10.0, 0.0, 0.0, 0.0, 0.0, 10.0, 10.0, 10.0, 0.0, 0.0, 10.0, 0.0, 0.0, 0.0, 0.0, 3.0, 0.0, 0.0, 0.0, 0.0, 10.0, 0.0, 0.0, 0.0, 0.0, 10.0, 0.0, 10.0, 0.0, 10.0, 0.0, 10.0, 0.0, 0.0, 10.0, 10.0, 0.0, 10.0, 0.0, 0.0, 0.0, 0.0, 0.0, 0.0, 0.0, 0.0, 0.0, 0.0, 0.0, 0.0, 0.0, 10.0, 10.0, 10.0, 10.0, 0.0, 10.0, 10.0, 10.0, 0.0, 10.0, 0.0, 0.0, 0.0, 0.0, 0.0, 0.0, 0.0, 0.0, 10.0, 0.0, 0.0, 0.0, 0.0, 10.0, 10.0, 0.0, 0.0, 10.0, 0.0, 0.0, 0.0, 10.0, 0.0, 0.0, 0.0, 0.0, 10.0, 0.0, 0.0, 0.0, 0.0, 0.0, 0.0, 0.0, 0.0, 10.0, 0.0, 0.0, 10.0, 0.0, 0.0, 0.0, 0.0, 10.0, 0.0, 10.0, 0.0, 10.0, 0.0, 0.0, 10.0, 0.0, 10.0, 10.0, 10.0], "episode_types": ["t", "t", "t", "t", "t", "t", "t", "t", "t", "t", "t", "t", "t", "t", "t", "t", "t", "t", "t", "t", "t", "t", "t", "t", "t", "t", "t", "t", "t", "t", "t", "t", "t", "t", "t", "t", "t", "t", "t", "t", "t", "t", "t", "t", "t", "t", "t", "t", "t", "t", "t", "t", "t", "t", "t", "t", "t", "t", "t", "t", "t", "t", "t", "t", "t", "t", "t", "t", "t", "t", "t", "t", "t", "t", "t", "t", "t", "t", "t", "t", "t", "t", "t", "t", "t", "t", "t", "t", "t", "t", "t", "t", "t", "t", "t", "t", "t", "t", "t", "t", "t", "t", "t", "t", "t", "t", "t", "t", "t", "t", "t", "t", "t", "t", "t", "t", "t", "t", "t", "t", "t", "t", "t", "t", "t", "t", "t", "t", "t", "t", "t", "t", "t", "t", "t", "t", "t", "t", "t", "t", "t", "t", "t", "t", "t", "t", "t", "t", "t", "t", "t", "t", "t", "t", "t", "t", "t", "t", "t", "t", "t", "t", "t", "t", "t", "t", "t", "t", "t", "t", "t", "t", "t", "t", "t"]}