{"initial_reset_timestamp": 1587618675.5826924, "timestamps": [1587618681.5884583, 1587618688.3629053, 1587618688.687575, 1587618688.9354494, 1587618689.1586738, 1587618689.3278325, 1587618689.5827842, 1587618689.8308518, 1587618696.4284017, 1587618696.8870547, 1587618696.9805121, 1587618697.048477, 1587618697.1354818], "episode_lengths": [947, 1000, 468, 1000, 909, 671, 1000, 1000, 1000, 1000, 377, 270, 343], "episode_rewards": [0.0, 0.0, 10.0, 0.0, 0.0, 0.0, 0.0, 0.0, 0.0, 0.0, 0.0, 10.0, 10.0], "episode_types": ["t", "t", "t", "t", "t", "t", "t", "t", "t", "t", "t", "t", "t", "t"]}