{"initial_reset_timestamp": 1588294124.7340858, "timestamps": [1588294125.470954, 1588294126.2534, 1588294126.50528, 1588294126.535085, 1588294126.557356, 1588294126.629344, 1588294126.647864, 1588294126.710271, 1588294127.061422, 1588294127.3238258, 1588294127.360627, 1588294127.396208, 1588294127.439903, 1588294127.472676, 1588294127.493414, 1588294127.536572, 1588294127.566207, 1588294127.610202, 1588294127.6391768, 1588294127.6835861, 1588294127.726123, 1588294127.758144, 1588294127.804064, 1588294127.839499, 1588294127.870604, 1588294127.894969, 1588294127.961287, 1588294128.427845, 1588294128.6811981, 1588294128.710755, 1588294128.738333, 1588294128.78879, 1588294128.819615, 1588294128.855083, 1588294128.892339, 1588294128.94551, 1588294128.985558, 1588294129.02388, 1588294129.0442429, 1588294129.070875, 1588294129.094414, 1588294129.128295, 1588294129.149732, 1588294129.1850471, 1588294129.213902, 1588294129.237139, 1588294129.303614, 1588294129.3355432, 1588294129.3594859, 1588294129.405783, 1588294129.438287, 1588294129.470591, 1588294129.50268, 1588294129.559741, 1588294129.597622, 1588294129.644041, 1588294129.674195, 1588294129.6974, 1588294129.734792, 1588294129.752411, 1588294129.772908, 1588294129.833218, 1588294129.862598, 1588294129.882761, 1588294130.351841, 1588294130.699098, 1588294130.735038, 1588294130.780846, 1588294130.819114, 1588294130.85374, 1588294130.928721, 1588294130.949583, 1588294130.9879098, 1588294131.012156, 1588294131.078636, 1588294131.111861, 1588294131.1446002, 1588294131.180425, 1588294131.2160482, 1588294131.251828, 1588294131.273237, 1588294131.2944808, 1588294131.323712, 1588294131.353585, 1588294131.375615, 1588294131.402634, 1588294131.442834, 1588294131.48495, 1588294131.503639, 1588294131.577476, 1588294131.610879, 1588294131.629747, 1588294131.662931, 1588294131.686518, 1588294131.730887, 1588294131.7516968, 1588294131.790158, 1588294131.81999, 1588294131.848118, 1588294131.906532, 1588294131.945645, 1588294131.968122, 1588294132.016413, 1588294132.0577621, 1588294132.105078, 1588294132.14241, 1588294132.1711948, 1588294132.203348, 1588294132.231136, 1588294132.263359, 1588294132.313518, 1588294132.345631, 1588294132.387299, 1588294132.426285, 1588294132.4633741, 1588294132.4943712, 1588294132.525953, 1588294132.5575051, 1588294132.577724, 1588294132.64203, 1588294132.676131, 1588294132.709811, 1588294132.749856, 1588294132.776263, 1588294132.8079722, 1588294132.990037, 1588294133.275276, 1588294133.316492, 1588294133.356443, 1588294133.400173, 1588294133.4346838, 1588294133.46149, 1588294133.500989, 1588294133.531411, 1588294133.567282, 1588294133.6069708, 1588294133.679498, 1588294133.720771, 1588294133.748113, 1588294133.772575, 1588294133.7909162, 1588294133.8131359, 1588294133.852556, 1588294133.8807092, 1588294133.9079869, 1588294133.941029, 1588294133.974349, 1588294134.0018299, 1588294134.036577, 1588294134.0791411, 1588294134.109272, 1588294134.136958, 1588294134.248652, 1588294134.2872782, 1588294134.3231628, 1588294134.35045, 1588294134.3806028, 1588294134.4286861, 1588294134.4752882, 1588294134.5022268, 1588294134.574197, 1588294134.598685, 1588294134.6321092, 1588294134.6846972, 1588294134.712886, 1588294134.745844, 1588294134.7793112, 1588294134.823642, 1588294134.848083, 1588294134.890431, 1588294134.924438, 1588294134.965844, 1588294134.9859369, 1588294135.028385, 1588294135.1001449, 1588294135.133543, 1588294135.172545, 1588294135.208659, 1588294135.244394, 1588294135.275109, 1588294135.3115578, 1588294135.3497689, 1588294135.379435, 1588294135.4223309, 1588294135.450857, 1588294135.480639, 1588294135.5170171, 1588294135.553202, 1588294135.579861, 1588294135.619224, 1588294135.640249, 1588294135.679019, 1588294135.712225, 1588294135.736747, 1588294135.8035572, 1588294135.8278852, 1588294135.846455, 1588294135.885616, 1588294135.927613, 1588294135.9614668, 1588294135.994781, 1588294136.012886, 1588294136.0464451, 1588294136.070747, 1588294136.0919979, 1588294136.137206, 1588294136.1645849, 1588294136.200403, 1588294136.23718, 1588294136.281564, 1588294136.305851, 1588294136.3470411, 1588294136.383339, 1588294136.421976, 1588294136.4458618, 1588294136.490279, 1588294137.071004, 1588294137.3843598, 1588294137.40552, 1588294137.432804, 1588294137.45992, 1588294137.496707, 1588294137.5578308, 1588294137.587573, 1588294137.606637, 1588294137.627025, 1588294137.6570392, 1588294137.695679, 1588294137.7258701, 1588294137.75581, 1588294137.785735, 1588294137.803964, 1588294137.8341172, 1588294137.864488, 1588294137.883744, 1588294137.9166799, 1588294137.943636, 1588294137.973443, 1588294137.9949021, 1588294138.0278668, 1588294138.061305, 1588294138.097344, 1588294138.1223192, 1588294138.144352, 1588294138.20489, 1588294138.263773, 1588294138.304621, 1588294138.331614, 1588294138.3704908, 1588294138.430818, 1588294138.46651, 1588294138.502683, 1588294138.52116, 1588294138.562607, 1588294138.586821, 1588294138.604884, 1588294138.634994, 1588294138.656487, 1588294138.700922, 1588294138.727942, 1588294138.767086, 1588294138.792135, 1588294138.814123, 1588294138.8814762, 1588294138.905888, 1588294138.9361222, 1588294138.99672, 1588294139.026568, 1588294139.0772128, 1588294139.105322, 1588294139.133033, 1588294139.1987898, 1588294139.228927, 1588294139.262453, 1588294139.292863, 1588294139.323065, 1588294139.341115, 1588294139.3626828, 1588294139.4045272, 1588294139.4446561, 1588294139.468609, 1588294139.496913, 1588294139.527842, 1588294139.555056, 1588294139.576897, 1588294139.604898, 1588294139.6264691, 1588294139.65671, 1588294139.6845582, 1588294139.7149382, 1588294139.747851, 1588294139.772116, 1588294139.805512, 1588294139.835474, 1588294139.8543591, 1588294139.9564328, 1588294139.9960709, 1588294140.0297, 1588294140.0506828, 1588294140.085411, 1588294140.106978, 1588294140.137215, 1588294140.1677089, 1588294140.269043, 1588294140.296234, 1588294140.317167, 1588294140.3473952, 1588294140.368027, 1588294140.3894389, 1588294140.4255419, 1588294140.455275, 1588294140.484808, 1588294140.5091012, 1588294140.565904, 1588294140.6017358, 1588294140.6260679, 1588294140.661377, 1588294140.6911, 1588294140.7182982, 1588294140.7513442, 1588294140.778799, 1588294140.8060029, 1588294140.824466, 1588294140.8517241, 1588294140.898713, 1588294140.9440079, 1588294140.9769652, 1588294140.995584, 1588294141.019501, 1588294141.052696, 1588294141.162053, 1588294141.194415, 1588294141.230718, 1588294141.2610219, 1588294141.295434, 1588294141.325952, 1588294141.359214, 1588294141.43002, 1588294141.450892, 1588294141.510116, 1588294141.542901, 1588294141.576402, 1588294141.60613, 1588294141.999846, 1588294142.463528, 1588294142.5317361, 1588294142.5683131, 1588294142.612733, 1588294142.635844, 1588294142.680892, 1588294142.7310028, 1588294142.758784, 1588294142.807214, 1588294142.829817, 1588294142.851039, 1588294142.9244218, 1588294142.94261, 1588294142.990526, 1588294143.014081, 1588294143.044302, 1588294143.083745, 1588294143.1196532, 1588294143.140762, 1588294143.1684082, 1588294143.191614, 1588294143.239938, 1588294143.267474, 1588294143.294785, 1588294143.330444, 1588294143.3633568, 1588294143.399799, 1588294143.4389708, 1588294143.462999, 1588294143.487227, 1588294143.560378, 1588294143.59621, 1588294143.630835, 1588294143.658004, 1588294143.698147, 1588294143.7668312, 1588294143.79532, 1588294143.8227808, 1588294143.855624, 1588294143.883144, 1588294143.913419, 1588294143.953168, 1588294143.982909, 1588294144.013052, 1588294144.0420558, 1588294144.084311, 1588294144.1113758, 1588294144.130639, 1588294144.1685052, 1588294144.19599, 1588294144.232917, 1588294144.2646139, 1588294144.298822, 1588294144.32673, 1588294144.357128, 1588294144.383959, 1588294144.426292, 1588294144.4521012, 1588294144.4942179, 1588294144.533748, 1588294144.599095, 1588294144.626508, 1588294144.667722, 1588294144.698072, 1588294144.7252731],