{"initial_reset_timestamp": 1587888433.513616, "timestamps": [1587888434.651468, 1587888454.7175076, 1587888455.4514933, 1587888455.5229425, 1587888455.5385764, 1587888455.5417097, 1587888455.611427, 1587888455.6510968, 1587888457.18293, 1587888458.199824, 1587888458.2173545, 1587888458.2181685, 1587888458.225506, 1587888458.3426712, 1587888458.3452501, 1587888458.3658135, 1587888458.7613895, 1587888459.1532307, 1587888459.1600404, 1587888459.1632936, 1587888459.5475457, 1587888459.9389966, 1587888460.3565998, 1587888460.7437327, 1587888461.1308215, 1587888461.2012444, 1587888461.2020683, 1587888469.6595209, 1587888470.2712567, 1587888470.69435, 1587888470.8798027, 1587888470.9535918, 1587888471.2804718, 1587888471.3830779, 1587888471.4351873, 1587888471.459158, 1587888471.6190495, 1587888471.6272159, 1587888471.6307347, 1587888471.7541182, 1587888472.078054, 1587888472.1592073, 1587888472.5760746, 1587888472.6075244, 1587888472.6125464, 1587888472.646813, 1587888472.647769, 1587888472.7042036, 1587888472.7113705, 1587888472.713796, 1587888473.1069252, 1587888473.5037386, 1587888473.5271926, 1587888473.9276564, 1587888473.932002, 1587888474.1055908, 1587888474.2700238, 1587888474.5608811, 1587888474.6479127, 1587888474.6491475, 1587888474.696539, 1587888475.1062222, 1587888475.154008, 1587888475.5485632, 1587888495.573227, 1587888496.1116006, 1587888496.1256227, 1587888496.5269806, 1587888496.5605145, 1587888496.5671344, 1587888496.5683255, 1587888496.5690727, 1587888496.577279, 1587888496.6319332, 1587888497.0108514, 1587888497.0158744, 1587888497.0459557, 1587888497.068569, 1587888497.0717247, 1587888497.4661672, 1587888497.469751, 1587888497.473193, 1587888497.4789944, 1587888497.500351, 1587888497.523706, 1587888497.7647047, 1587888497.775919, 1587888498.1770823, 1587888498.5751903, 1587888498.734431, 1587888499.1436603, 1587888499.5693936, 1587888499.6283937, 1587888499.6592898, 1587888499.7032485, 1587888499.7953992, 1587888499.8088398, 1587888499.8425364, 1587888500.1233785, 1587888500.1392782, 1587888500.266137, 1587888500.6577067, 1587888500.703129, 1587888501.1184754, 1587888501.2404215, 1587888501.37319, 1587888501.7746956, 1587888501.7755694, 1587888501.9127245, 1587888502.0149367, 1587888502.0351603, 1587888502.4386027, 1587888502.450994, 1587888502.855302, 1587888503.257983, 1587888503.259161, 1587888503.26591, 1587888503.27119, 1587888503.3027945, 1587888503.3098524, 1587888503.3107176, 1587888503.3114898, 1587888503.5771787, 1587888503.8101158, 1587888504.173883, 1587888524.3822067, 1587888524.9628758, 1587888525.3471181, 1587888525.3480082, 1587888525.3682237, 1587888525.420897, 1587888525.421742, 1587888525.471449, 1587888525.5239806, 1587888525.799067, 1587888526.008071, 1587888526.0089252, 1587888526.0199652, 1587888526.4362335, 1587888526.44224, 1587888526.528006, 1587888526.592615, 1587888526.6239502, 1587888531.2080123, 1587888531.2087996, 1587888531.2096133, 1587888537.5049896, 1587888538.2408502, 1587888546.3341033, 1587888546.5269275, 1587888546.5597496, 1587888546.6222181, 1587888554.688761, 1587888555.6126516, 1587888555.6751852, 1587888556.6411824, 1587888560.2015133, 1587888568.2370791, 1587888573.5374086, 1587888573.539432, 1587888577.7879953, 1587888578.0756712, 1587888578.1071699, 1587888580.087635, 1587888580.4103582, 1587888582.9250305, 1587888583.1142325, 1587888589.4609432, 1587888597.5248873, 1587888605.6309185, 1587888605.7285511, 1587888613.8291807, 1587888614.3129654, 1587888622.396624, 1587888623.4835744, 1587888623.5495102, 1587888631.6245143, 1587888631.8771467, 1587888639.9827266, 1587888640.2652318, 1587888646.6754131, 1587888654.767755, 1587888659.875049, 1587888659.939857, 1587888662.6503406, 1587888662.681196, 1587888670.7849514, 1587888671.2677486, 1587888671.7772856, 1587888679.8871462, 1587888687.972506, 1587888688.0368986, 1587888693.9549854, 1587888700.4277172, 1587888701.041431, 1587888701.0423188, 1587888709.1643345, 1587888710.177471, 1587888718.316097, 1587888726.462778, 1587888731.2143838, 1587888737.6454804, 1587888745.7372968, 1587888753.8514307, 1587888754.144196, 1587888754.3011699, 1587888757.0908306, 1587888757.6317084, 1587888760.1039217, 1587888760.2989993, 1587888760.3629146, 1587888760.5243833, 1587888760.6215534, 1587888760.845202, 1587888762.895211, 1587888763.1449575, 1587888790.746925, 1587888791.4052756, 1587888794.1187322, 1587888795.9501333, 1587888798.0305474, 1587888799.4365292, 1587888799.9168696, 1587888799.9840205, 1587888800.8137648, 1587888800.8145692, 1587888808.946428, 1587888809.0414264, 1587888810.2522552, 1587888810.7149005, 1587888818.8228343, 1587888819.6180289, 1587888825.5716667, 1587888825.5725994, 1587888833.765653, 1587888833.989843, 1587888842.0816875, 1587888845.559001, 1587888846.8404903, 1587888847.0028503, 1587888850.609092, 1587888856.0979707, 1587888856.163897, 1587888856.1955612, 1587888864.32783, 1587888872.4433274, 1587888873.6627564, 1587888877.321864, 1587888878.7064822, 1587888878.70738, 1587888879.4075727, 1587888879.408369, 1587888879.7873785, 1587888882.4108279, 1587888886.7557933, 1587888889.191926, 1587888889.4474337, 1587888889.994465, 1587888890.4431176, 1587888890.4737337, 1587888891.4572499, 1587888891.5250385, 1587888897.608604, 1587888902.1025407, 1587888910.2626488, 1587888911.0426295, 1587888911.1077907, 1587888915.3542144, 1587888920.1479557, 1587888920.5659401, 1587888920.854365, 1587888921.7610934, 1587888928.069738, 1587888928.1329832, 1587888928.9854617, 1587888937.1206694, 1587888937.3782308, 1587888937.3789806, 1587888937.4133654, 1587888943.0770054, 1587888944.2128396, 1587888949.124333, 1587888949.1554036, 1587888951.9299672], "episode_lengths": [76, 1000, 482, 183, 39, 7, 179, 103, 89, 1000, 43, 1, 17, 293, 5, 49, 1000, 1000, 16, 7, 1000, 1000, 1000, 1000, 1000, 183, 1, 403, 77, 1000, 457, 188, 837, 265, 137, 60, 417, 20, 8, 316, 825, 205, 1000, 77, 11, 87, 1, 141, 17, 5, 1000, 1000, 61, 1000, 10, 445, 432, 660, 228, 1, 117, 1000, 120, 1000, 1000, 11, 35, 1000, 87, 16, 2, 1, 20, 137, 1000, 12, 74, 57, 7, 973, 8, 8, 14, 55, 60, 625, 28, 1000, 1000, 401, 1000, 1000, 142, 79, 105, 231, 32, 82, 704, 37, 323, 1000, 109, 1000, 298, 256, 1000, 1, 343, 254, 50, 1000, 29, 1000, 1000, 2, 16, 12, 76, 17, 1, 1, 587, 581, 897, 1000, 1, 1000, 1, 51, 135, 1, 122, 132, 702, 520, 1, 28, 984, 13, 22, 11, 1, 569, 1, 1, 778, 93, 1000, 23, 5, 6, 1000, 115, 5, 123, 440, 1000, 651, 1, 524, 36, 1, 245, 42, 312, 22, 786, 1000, 1000, 10, 1000, 61, 1000, 130, 10, 1000, 30, 1000, 37, 792, 1000, 633, 8, 333, 1, 1000, 63, 62, 1000, 1000, 10, 729, 803, 75, 1, 1000, 124, 1000, 1000, 583, 795, 1000, 1000, 35, 20, 346, 68, 303, 24, 7, 21, 12, 27, 255, 28, 1000, 17, 337, 223, 256, 172, 63, 8, 99, 1, 1000, 11, 153, 54, 1000, 95, 732, 1, 1000, 29, 1000, 427, 158, 19, 444, 677, 8, 1, 1000, 1000, 150, 449, 171, 1, 81, 1, 47, 327, 531, 296, 30, 70, 57, 1, 120, 10, 746, 558, 1000, 96, 7, 521, 583, 54, 35, 112, 775, 9, 102, 1000, 34, 1, 4, 696, 138, 606, 1, 345],