{"initial_reset_timestamp": 1589176580.4340198, "timestamps": [1589176581.0613034, 1589176582.895821, 1589176583.552222, 1589176583.5711517, 1589176583.5842896, 1589176583.6046646, 1589176583.6196787, 1589176583.6423044, 1589176584.8214006, 1589176585.5167792, 1589176585.5427248, 1589176585.5649033, 1589176585.5845776, 1589176585.6100745, 1589176585.6226335, 1589176585.638582, 1589176585.6718125, 1589176585.6968923, 1589176585.709342, 1589176585.7355466, 1589176585.7573545, 1589176585.8004725, 1589176585.820434, 1589176585.8327117, 1589176585.8565176, 1589176585.880021, 1589176585.9074903, 1589176587.0940335, 1589176587.7536776, 1589176587.7650454, 1589176587.792463, 1589176587.8150334, 1589176587.8335485, 1589176587.853835, 1589176587.877571, 1589176587.896175, 1589176587.91481, 1589176587.9335613, 1589176587.9506779, 1589176587.964052, 1589176587.9897177, 1589176588.0126543, 1589176588.045697, 1589176588.0587943, 1589176588.0845423, 1589176588.106879, 1589176588.1236248, 1589176588.147576, 1589176588.1678479, 1589176588.1864696, 1589176588.2043984, 1589176588.2206857, 1589176588.2393177, 1589176588.25081, 1589176588.263972, 1589176588.2791462, 1589176588.3011844, 1589176588.3196864, 1589176588.3406484, 1589176588.3590477, 1589176588.3796005, 1589176588.4234197, 1589176588.4350114, 1589176588.451835, 1589176589.198686, 1589176589.8604085, 1589176589.8791735, 1589176589.896236, 1589176589.918932, 1589176589.9406254, 1589176589.9575472, 1589176589.9701972, 1589176589.9872713, 1589176590.0081778, 1589176590.0527937, 1589176590.077117, 1589176590.101269, 1589176590.1200955, 1589176590.14094, 1589176590.1560965, 1589176590.1782124, 1589176590.1938157, 1589176590.2160382, 1589176590.2496698, 1589176590.2647777, 1589176590.281792, 1589176590.3006701, 1589176590.3162165, 1589176590.3333583, 1589176590.3471186, 1589176590.3639455, 1589176590.3827624, 1589176590.4070444, 1589176590.4221783, 1589176590.4467885, 1589176590.4709327, 1589176590.496877, 1589176590.5246823, 1589176590.5435174, 1589176590.5586805, 1589176590.5738497, 1589176590.5892591, 1589176590.6025844, 1589176590.6176612, 1589176590.636578, 1589176590.6596773, 1589176590.68072, 1589176590.6959982, 1589176590.719035, 1589176590.7398636, 1589176590.7646124, 1589176590.7798917, 1589176590.7952445, 1589176590.810715, 1589176590.8276274, 1589176590.8410633, 1589176590.8626175, 1589176590.8779457, 1589176590.8951497, 1589176590.914029, 1589176590.938754, 1589176590.963263, 1589176590.980452, 1589176590.9975235, 1589176591.0108373, 1589176591.5914042, 1589176592.0256739, 1589176592.0400126, 1589176592.0589395, 1589176592.0762205, 1589176592.0997877, 1589176592.115016, 1589176592.1303518, 1589176592.1457827, 1589176592.1685035, 1589176592.1856334, 1589176592.2051, 1589176592.2237754, 1589176592.2457545, 1589176592.2651162, 1589176592.2778592, 1589176592.31531, 1589176592.3382342, 1589176592.355993, 1589176592.3728158, 1589176592.397333, 1589176592.4182498, 1589176592.437314, 1589176592.451423, 1589176592.4651182, 1589176592.4839134, 1589176592.508211, 1589176592.5215528, 1589176592.5424805, 1589176592.5541847, 1589176592.5742712, 1589176592.5966887, 1589176592.6138365, 1589176592.6308894, 1589176592.646313, 1589176592.674397, 1589176592.7104564, 1589176592.7293706, 1589176592.7482948, 1589176592.7672637, 1589176592.780684, 1589176592.8071265, 1589176592.835417, 1589176592.8565533, 1589176592.8754294, 1589176592.8982444, 1589176592.9173636, 1589176592.9807038, 1589176593.0048907, 1589176593.0250182, 1589176593.0453138, 1589176593.057861, 1589176593.0801075, 1589176593.102393, 1589176593.124832, 1589176593.1392324, 1589176593.1638894, 1589176593.1848423, 1589176593.204041, 1589176593.21561, 1589176593.232454, 1589176593.2494566, 1589176593.2624862, 1589176593.2813506, 1589176593.3078098, 1589176593.324897, 1589176593.340681, 1589176593.3621683, 1589176593.3811963, 1589176593.406399, 1589176593.4344208, 1589176593.4571795, 1589176593.4782965, 1589176593.499205, 1589176593.51855, 1589176593.5377657, 1589176593.5670044, 1589176593.5859447, 1589176593.5974183, 1589176593.6184046, 1589176593.6371946, 1589176593.6546037, 1589176593.6735055, 1589176593.6924107, 1589176593.711321, 1589176593.7360158, 1589176593.7621453, 1589176593.7900872, 1589176593.8154228, 1589176593.832481, 1589176593.8512847, 1589176594.5598743, 1589176595.216758, 1589176595.2342632, 1589176595.2572844, 1589176595.2746415, 1589176595.289396, 1589176595.315619, 1589176595.3442802, 1589176595.3693078, 1589176595.3882775, 1589176595.4070148, 1589176595.4464252, 1589176595.469392, 1589176595.4812808, 1589176595.5040245, 1589176595.5229445, 1589176595.5438597, 1589176595.5636277, 1589176595.5896194, 1589176595.6040776, 1589176595.6267903, 1589176595.640308, 1589176595.6591969, 1589176595.6708605, 1589176595.6971145, 1589176595.7212324, 1589176595.736428, 1589176595.7627206, 1589176595.785344, 1589176595.798716, 1589176595.8187065, 1589176595.8395216, 1589176595.8584452, 1589176595.8829455, 1589176595.905735, 1589176595.9338157, 1589176595.9511743, 1589176595.9646275, 1589176595.9800558, 1589176596.0008333, 1589176596.018916, 1589176596.047575, 1589176596.0610123, 1589176596.083971, 1589176596.111774, 1589176596.1234238, 1589176596.1423383, 1589176596.1594565, 1589176596.1823597, 1589176596.2036238, 1589176596.2210824, 1589176596.2376437, 1589176596.2584581, 1589176596.2773187, 1589176596.2978969, 1589176596.316684, 1589176596.3374875, 1589176596.3624518, 1589176596.382478, 1589176596.423496, 1589176596.4405365, 1589176596.4669554, 1589176596.484044, 1589176596.510573, 1589176596.532981, 1589176596.548214, 1589176596.561915, 1589176596.5861545, 1589176596.6088648, 1589176596.620481, 1589176596.6393943, 1589176596.6548367, 1589176596.6795208, 1589176596.7190747, 1589176596.7370627, 1589176596.7623992, 1589176596.7742252, 1589176596.7931397, 1589176596.81928, 1589176596.8360066, 1589176596.8569477, 1589176596.8779335, 1589176596.9135628, 1589176596.9328113, 1589176596.9444754, 1589176596.9617057, 1589176596.9827452, 1589176596.9988859, 1589176597.0196693, 1589176597.0348804, 1589176597.0502932, 1589176597.0618124, 1589176597.0827615, 1589176597.1003335, 1589176597.1119156, 1589176597.1364994, 1589176597.1553376, 1589176597.1840515, 1589176597.207123, 1589176597.2222996, 1589176597.241465, 1589176597.262347, 1589176597.2813416, 1589176597.3044767, 1589176597.3160903, 1589176597.3315098, 1589176597.3564248, 1589176597.4000196, 1589176597.417138, 1589176597.4359107, 1589176597.4585762, 1589176597.4773793, 1589176597.5002017, 1589176597.5216293, 1589176597.5404081, 1589176597.5575826, 1589176597.6010237, 1589176597.6238587, 1589176597.6449544, 1589176597.656619, 1589176597.6680734, 1589176597.6927192, 1589176597.7136, 1589176597.767565, 1589176597.7791727, 1589176597.796294, 1589176597.8156285, 1589176598.4028454, 1589176598.8611429, 1589176598.8766346, 1589176598.8941443, 1589176598.9205976, 1589176598.9343548, 1589176598.957281, 1589176598.9745357, 1589176598.9900358, 1589176599.00924, 1589176599.030278, 1589176599.0478482, 1589176599.0688725, 1589176599.0868566, 1589176599.1031945, 1589176599.121493, 1589176599.1358447, 1589176599.1540413, 1589176599.1727705, 1589176599.1974268, 1589176599.2242622, 1589176599.2430127, 1589176599.2555206, 1589176599.2738967, 1589176599.29239, 1589176599.3047817, 1589176599.332837, 1589176599.3484304, 1589176599.3711383, 1589176599.3853655, 1589176599.4061484, 1589176599.4289405, 1589176599.4555256, 1589176599.4779482, 1589176599.5139284, 1589176599.5263166, 1589176599.5409276, 1589176599.5632043, 1589176599.583662, 1589176599.6098368, 1589176599.6241255, 1589176599.6444256, 1589176599.6723886, 1589176599.6887448, 1589176599.7163398, 1589176599.7344825, 1589176599.7568326, 1589176599.7817936, 1589176599.8061044, 1589176599.8323689, 1589176599.844816, 1589176599.8574238, 1589176599.8716311, 1589176599.88997, 1589176599.910224, 1589176599.9304397, 1589176599.947636, 1589176599.974067, 1589176599.9944336, 