{"initial_reset_timestamp": 1587858253.459987, "timestamps": [1587858269.5162482, 1587858287.5339513, 1587858288.4161065, 1587858288.4563134, 1587858288.7746305, 1587858288.8103375, 1587858289.0056806, 1587858289.384089, 1587858299.822486, 1587858300.6310387, 1587858300.7191055, 1587858300.7381947, 1587858300.960068, 1587858301.294988, 1587858301.5213988, 1587858301.9030774, 1587858302.1121984, 1587858302.4425344, 1587858302.780795, 1587858302.99017, 1587858303.3351827, 1587858303.6102514, 1587858303.9831107, 1587858304.15594, 1587858304.5024827, 1587858304.7830627, 1587858304.972117, 1587858308.4887688, 1587858309.37829, 1587858309.4826887, 1587858309.752053, 1587858309.9283297, 1587858310.3224723, 1587858310.682403, 1587858310.7258005, 1587858311.0812247, 1587858311.4382224, 1587858311.793737, 1587858312.175737, 1587858312.5289574, 1587858312.8799477, 1587858313.0852883, 1587858313.4288998, 1587858313.7707248, 1587858314.0884082, 1587858314.3598456, 1587858314.707826, 1587858315.0590303, 1587858315.4197097, 1587858315.7694712, 1587858316.009356, 1587858316.3984487, 1587858316.7460868, 1587858316.8405383, 1587858317.145177, 1587858317.4714973, 1587858317.7064524, 1587858318.0666146, 1587858318.371736, 1587858318.516311, 1587858318.872551, 1587858318.9376109, 1587858319.2003584, 1587858319.3715706, 1587858323.010087, 1587858325.7741156, 1587858331.1770031, 1587858339.2875774, 1587858342.3723733, 1587858350.4799516, 1587858358.6116922, 1587858359.9894354, 1587858364.4282973, 1587858372.543081, 1587858380.5928638, 1587858381.1848054, 1587858385.103734, 1587858389.9930851, 1587858398.0941515, 1587858406.1936305, 1587858412.4419994, 1587858413.053861, 1587858415.899213, 1587858423.943103, 1587858431.8827765, 1587858437.9936473, 1587858441.5876613, 1587858445.093171, 1587858448.5887492, 1587858456.7000606, 1587858458.316622, 1587858459.7228763, 1587858467.8243866, 1587858470.4946048, 1587858473.3226058, 1587858481.3704178, 1587858489.4930527, 1587858496.8337324, 1587858497.5397875, 1587858505.6712337, 1587858513.7980504, 1587858519.3005424, 1587858526.1139946, 1587858527.4243004, 1587858532.629986, 1587858534.3153577, 1587858542.4146247, 1587858550.509336, 1587858551.784552, 1587858558.2791803, 1587858560.0773492, 1587858568.2133694, 1587858574.260778, 1587858582.3899145, 1587858589.147942, 1587858593.7575371, 1587858594.2331357, 1587858597.5546486, 1587858600.2689207, 1587858608.438902, 1587858610.54634, 1587858613.9641304, 1587858622.0796824, 1587858630.2009237, 1587858638.3512647, 1587858647.2196949, 1587858655.8434205, 1587858658.7751641, 1587858661.8396306, 1587858664.7609663, 1587858667.7844486, 1587858675.896423, 1587858677.2664816, 1587858685.3232737, 1587858688.7840655, 1587858696.8870668, 1587858698.8921163, 1587858701.2003481, 1587858705.8288887, 1587858713.9407291, 1587858722.0407114, 1587858727.4478354, 1587858728.9697728, 1587858730.7515259], "episode_lengths": [1000, 1000, 1000, 120, 963, 102, 568, 1000, 636, 1000, 261, 53, 648, 1000, 650, 1000, 608, 1000, 1000, 599, 1000, 794, 951, 472, 1000, 799, 523, 224, 1000, 298, 765, 490, 1000, 1000, 123, 1000, 1000, 1000, 1000, 1000, 1000, 601, 1000, 1000, 915, 684, 1000, 948, 1000, 1000, 685, 1000, 1000, 271, 837, 920, 677, 1000, 772, 403, 1000, 187, 750, 513, 223, 1000, 665, 1000, 387, 1000, 1000, 165, 549, 1000, 1000, 71, 480, 608, 1000, 1000, 769, 76, 347, 1000, 981, 755, 442, 433, 434, 1000, 199, 175, 1000, 332, 350, 1000, 1000, 905, 89, 1000, 1000, 679, 841, 162, 640, 208, 1000, 1000, 156, 799, 221, 1000, 746, 1000, 833, 572, 57, 411, 336, 1000, 260, 422, 1000, 1000, 1000, 357, 1000, 357, 382, 350, 368, 1000, 171, 1000, 423, 1000, 248, 283, 571, 1000, 1000, 667, 186, 226], "episode_rewards": [0.0, 0.0, 0.0, 0.0, 0.0, 10.0, 10.0, 0.0, 0.0, 0.0, 0.0, 10.0, 10.0, 0.0, 10.0, 0.0, 10.0, 0.0, 0.0, 0.0, 0.0, 10.0, 0.0, 0.0, 0.0, 0.0, 0.0, 10.0, 0.0, 10.0, 0.0, 0.0, 0.0, 0.0, 10.0, 0.0, 0.0, 0.0, 0.0, 0.0, 0.0, 10.0, 0.0, 0.0, 0.0, 10.0, 0.0, 10.0, 0.0, 0.0, 10.0, 0.0, 0.0, 0.0, 0.0, 10.0, 0.0, 0.0, 0.0, 0.0, 0.0, 0.0, 10.0, 0.0, 10.0, 0.0, 10.0, 0.0, 10.0, 0.0, 0.0, 10.0, 0.0, 0.0, 0.0, 0.0, 0.0, 10.0, 0.0, 0.0, 0.0, 0.0, 0.0, 0.0, 10.0, 10.0, 0.0, 0.0, 10.0, 0.0, 10.0, 0.0, 0.0, 0.0, 0.0, 0.0, 0.0, 0.0, 0.0, 0.0, 0.0, 10.0, 0.0, 10.0, 0.0, 0.0, 0.0, 0.0, 0.0, 0.0, 10.0, 0.0, 10.0, 0.0, 10.0, 0.0, 10.0, 10.0, 0.0, 0.0, 10.0, 10.0, 0.0, 0.0, 0.0, 10.0, 0.0, 0.0, 10.0, 0.0, 0.0, 0.0, 0.0, 0.0, 10.0, 0.0, 10.0, 0.0, 10.0, 0.0, 0.0, 0.0, 10.0, 10.0], "episode_types": ["t", "t", "t", "t", "t", "t", "t", "t", "t", "t", "t", "t", "t", "t", "t", "t", "t", "t", "t", "t", "t", "t", "t", "t", "t", "t", "t", "t", "t", "t", "t", "t", "t", "t", "t", "t", "t", "t", "t", "t", "t", "t", "t", "t", "t", "t", "t", "t", "t", "t", "t", "t", "t", "t", "t", "t", "t", "t", "t", "t", "t", "t", "t", "t", "t", "t", "t", "t", "t", "t", "t", "t", "t", "t", "t", "t", "t", "t", "t", "t", "t", "t", "t", "t", "t", "t", "t", "t", "t", "t", "t", "t", "t", "t", "t", "t", "t", "t", "t", "t", "t", "t", "t", "t", "t", "t", "t", "t", "t", "t", "t", "t", "t", "t", "t", "t", "t", "t", "t", "t", "t", "t", "t", "t", "t", "t", "t", "t", "t", "t", "t", "t", "t", "t", "t", "t", "t", "t", "t", "t", "t", "t", "t", "t", "t"]}