{"initial_reset_timestamp": 1587619016.5951903, "timestamps": [1587619023.308291, 1587619029.9956496, 1587619030.2591438, 1587619030.303124, 1587619030.5552065, 1587619030.8004346, 1587619030.8933792, 1587619031.1467795, 1587619034.2592819, 1587619034.744742, 1587619034.8176084, 1587619035.0669346, 1587619035.1484823, 1587619035.2141237, 1587619035.4599588], "episode_lengths": [1000, 958, 104, 172, 1000, 1000, 376, 1000, 456, 1000, 293, 1000, 319, 266, 1000], "episode_rewards": [0.0, 10.0, 10.0, 0.0, 0.0, 0.0, 0.0, 0.0, 10.0, 0.0, 0.0, 0.0, 10.0, 10.0, 0.0], "episode_types": ["t", "t", "t", "t", "t", "t", "t", "t", "t", "t", "t", "t", "t", "t", "t", "t"]}